access,admin_level,aerialway,aeroway,amenity,area,barrier,bicycle,brand,bridge,boundary,building,construction,covered,culvert,cutting,denomination,disused,embankment,foot,generator:source,harbour,highway,historic,horse,intermittent,junction,landuse,leisure,lock,man_made,military,motorcar,natural,office,oneway,operator,place,power,power_source,public_transport,railway,religion,route,service,shop,sport,surface,toll,tourism,tower:type,tracktype,tunnel,water,waterway,wetland,wood
no culvert,8,cable_car,model_runway,hospital,no,seats,private,y,undefined,SPOTMaps extract,house,unclassified,yes,yes,no,catholic,no,no,footway,hydro,,motorway,ruins,unknown,yrd,jughandle,military,track,yes,dike,naval_base,unknown,wetland,INCT (Algeria) - Institut National de Cartographie et de Téledetection,yes,ARMAS,continent,cable,,platform,narrow_gauge,christian,piste,Ruelle (entre bâtiments principalement)0,o,survey,undefined,no,hotel,communication,undefined,culvert,wadi,aquaduct,swamp,coniferous
hgv,9,drag_lift,apron,parking_space,yes,block,<allowed>,yes,movable,proposed,track,motorway,no,,yes,Las Coronas,yes,yea,official,solar,,abandoned,citywalls,private,no,roundabout,reservoir,park,,outline,,forestry,old_coastline_import,,no;yes,EDC,hamlet,generator,,station,light_rail,Church Pentecontist,tracks,access,supermarket,horse_racing,2,yes,artwork,water tower,grade5,Culvert,culvert,wadi,mangrove,mixed
military,2,gondola,model_aerodrome_runway,public_building,paved,dry_bush,official,PDV,culvert,"EO-1 USGS 2002-09-25 ""Zintan""",apartments,light_rail,building_arcade,,,protestant,,left,```,,,raceway,archaeological_site,permissive,yess,yes,village_green,pitch,,water_canal,,private,coastline,,-1,CapeNature,province,minor_line,,stop_area,proposed,muslim,detour,Canal_Service_Road,mall,footing,unpaved;cobblestone,true,attraction,,2,building_passage,river,stream,bog,
asfalto,4; 8,goods,airstrip,school,0.000000000,entrance,permissive,YPF,low_water_crossing,local_authority,hospital,trunk,arcade,,,sunni,,yes,permissive,,,motorway_link,road,designated,yes,mini_roundabout,religious,swimming_pool,,bridge,,agricultural,reef,,no,Scota,archipelago,busbar,,,abandoned,,foot,crossover,,motor,UNpaved,,pier,,grade0,avalanche_protector,reservoir,riverbank,,
designated,5,t-bar,clearway,building_yard,,line,no,,abandoned,civil,hangar,tertiary,,,,PR-180,,false,no,,,primary;trunk,meteor_crater,prohibited,,approach,commercial,garden,,goods_conveyor,,official,volcano,,yes;-1,NPA,islet,station,,,rail,,Ligne 147 Manga,irrigation,,motocross,paved; unpaved,,ground_sign,,grade2;grade1,no,stream,oxbow,,
psv,-1,yes,runway,bulding,,wall3,destination,,no,protected_area,commercial,motorway_link,,,,Estacionamientos,,,destination,,,steps,bridge,unbekannt,,tertiary,landfill,tree rows,,oven,,permissive,scrub,,Michay,Kei Rail,village,line,,,station,,bicycle,slipway,,soccer,unpaved; paved,,TILAG,,4,yes,pond,drain,,
prohibited,3,station,parking_position,parking,,wall,mtb,,1,conflict,yes,bridge,,,,,,,allowed,,,bridleway,aqueduct,no,,rondabout,grass,nature_reserve,,dyke,,designated,old_coasline_import,,yes;no,pioneer Easybus,quarter,tower,,,preserved,,bus,mainline,,equestrian,earth,,yes,,grade,,dam,canal,,
unknown,7,magic_carpet,yes,pharmacy,,unknown,yes,,viaduct,EO-1 2003-05-25,construction,primary_link,,,,,,,Yes,,,kithimani Road,threshing_floor,destination,,Avenida San Juan,cemetery,slipway,,conveyor_belt,,no,ridge,,no;yes;-1,Evangelical Lutheran Church of Tanzania Karagwe Diocese,suburb,planned,,,level_crossing,,railway,forestry,,karting,sett,,ruins,,grade4;grade2,,intermittent,river,,
license,6,cableway,blast_pad,gound_sign,,w,,,aqueduct,administrative,office,subway,,,,,,,yes,,,pit_lane,yes,yes,,Entrada a la Avenida Nutibara desde la Avenida Bolivariana,greenfield,sports_centre,,cut_line,,restricted,archipelago,,-1;yes,Bolloré Blue Solutions,region,substation,,,turntable,,bing,kart,,climbing,Sand,,Villa Muñiz,,grade3; grade2,,lake,dam,,
customer,4,rope_tow,landing_strip,bench,,railing,designated,,covered,EO-1 2008-02-21,retail,trunk_link,,,,,,,designated,,,pathway,camino_real,Não,,cloverleaf,farmland,stadium,,quay,,destination,gorge,,1,NamPower,municipality,yes,,,subway,,hiking,Cantonment,,skiing,dirt;gravel,,picnic_site,,grade3;grade2,,canal,ditch,,
forestry,10,j-bar,displaced_threshold,restaurant,,embankment,prohibited,,yes,"EO-1, NASA/USGS, 2004-09-11, Maradah",hut,service,,,,,,,unbekannt,,,living_street,fort,tra,,crossing,residential,recreation_ground,,pipeline,,yes,water,,reversible,"Egyptian General Petroleum Corporation, Saudi Aramco, othr national oil companies",country,,,,platform,,subway,yard,,multi,gravier0,,viewpoint,,grade2,,drain,3,,
private,Nuevo Retamo,platter,taxiway,artwork,,g,unbekannt,,suspension,nature_reserve,school,canal,,,,,,,private,,,residential,mine,,,Avenida 80,orchard,water_park,,breakwater,,,crater,,Two way,MyCiTi,district,,,,construction,,power,parking,,canyoning,unpaved,,,,3,,oxbow,rapids,,
Bridge at Murfor 2,0,chair_lift,stopway,place_of_worship,,guard_rail,unknown,,destroyed,town,terrace,sec,,,,,,,costumer,,,construction,tomb,,,,forest,playground,,crane,,,wadi,,,COTCO,town,,,,disused,,share_taxi,spur,,running,rock,,,,grade2; grade3; grade3; grade3,,riverbank,drystream,,
agricultural,11,,taxiline,ground_sign,,chain,dismount,,collapsed,postal,residential,path,,,,,,,*,,,yes,,,,,allotments,marina,,embankment,,,riverbank,,,Cabildo Insular La Palma,city,,,,tram,,ferry,branch,,athletics,brick,,,,1,,,ditch;drain,,
mining,"4,6",,aerodrome,marketplace,,wal,dismounted,,ruins,locality,manufacture,residential,,,,,,,NO,,,minor,,,,,yes,common,,dam,,,stream,,,AFTU,locality,,,,funicular,,Hassi R'Mel - Bologna,drivingway,,tennis,stone,,,,grade3,,,drain;canal,,
official,,,holding_position,parking_entrance,,hedge,allowed,,trestle,"EO-1, NASA/USGS, 2002-08-30, Al Qubah",roof,rail,,,,,,,Callejon cundinamarca-Antioquia,,,fixme,,,,,retail,fishing,,geoglyph,,,clif,,,Office des Routes,state,,,,monorail,,Yaoundé-Bertoua,residential,,cycling,Paved,,,,terre,,,spillway,,
customers,,,construction,university,,wood,desmontado,,swing,postal_code,industrial,no,,,,,,,unknown,,,secondary,,,,,harbour,,,groyne,,,arete,,,Tanzania Electrical Supply Corporation;TANESCO,neighbourhood,,,,historic,,pipeline,unpaved,,toboggan,asphalt;compacted,,,,track,,,intermittent,,
public,,,,doctors,,yes,use_sidepath,,boardwalk,"EO-1, NASA/USGS, 2003-02-20, Zillah",casas,road,,,,,,,Sim,,,primary,,,,,fixme,,,submarine_cable,,,cliff,,,Parque Nacional del Teide,Kagera,,,,dismantled,,canoe,Bing,,skating,asphalt;sand;compacted,,,,grade1,,,derelict_canal,,
Rucahabi,,,,food_court,,fence,Sim,,,maritim,no,yes,,,,,,,yes;no,,,unclassified;track,,,,,agriculture,,,spillway,,,strait,,,PRASA,county,,,,miniature,,train,drive-through,,,Rough Dirt,,,,grade4,,,yes,,
no,,,,taxi,,toll_booth,si,,,EO-1 2004-09-05,,disused,,,,,,,si,,,track,,,,,vineyard,,,cattle_chute,,,old_coasttline_import,,,Grimaldi Lines,island,,,,yes,,road,agriculture,,,dust,,,,grade1_ruts,,,construction,,
Yes,,,,weighbridge,,lift_gate,no;yes,,,residential,,minor,,,,,,,,,,mini_roundabout,,,,,farm,,,cutline,,,caldera,,,Transportes Insular La Palma,municiplaity,,,,razed,,residental,Cantoment,,,unapaved,,,,Access Road to Area Managers residence Tashinga,,,waterfall,,
delivery,,,,fuel,,bollard,,,,"EO-1, NASA/USGS, 2004-01-17, Tai",,primary,,,,,,,,,,residentiel,,,,,recreation_ground,,,advertising,,,crete,,,"Ministerio de Agricultura, Alimentación y Medio Ambiente",RumiWilco,,,,,,mtb,side,,,grass_paver,,,,golf_cart,,,dicth,,
yes,,,,bicycle_parking,,house,,,,Yahoo! Aerial Imagery,,secondary,,,,,,,,,,tertiary,,,,,conservation,,,yes,,,tree_lined,,,EdM,municipalidad,,,,,,yes,driveway,,,Tar,,,,grade4;grade1,,,weir,,
permit,,,,advertising,,pipe,,,,maritime,,track,,,,,,,,,,trunk,,,,,industrial,,,jetty,,,rock,,,CFU,,,,,,,tram,siding,,,interlock,,,,grade1;grade2,,,culvert,,
fixme,,,,Avenida Senhora do Porto,,cattle_grid,,,,hires,,ligh_rail,,,,,,,,,,tertiary_link,,,,,railway,,,bunker_silo,,,wood,,,COSAMA,,,,,,,offroad,forrestry,,,unpaved;dirt,,,,grade3s,,,proposed,,
permissive,,,,prison,,city_wall,,,,"EO-1, NASA/USGS, 2003-05-27, Ras Lanuf",,footway,,,,,,,,,,secondary_link,,,,,2,,,levee,,,yes,,,Ayuntamiento de Teguise,,,,,,,trolleybus,bing,,,paved; paved; unpaved; unpaved,,,,VS-85,,,lock_gate,,
restricted,,,,,,wire_fence,,,,Bing,,runway,,,,,,,,,,living_street;residential,,,,,farmyard,,,pier,,,tree_row,,,Ayuntamiento de Tegueste,,,,,,,pontoon,parking_aisle,,,terre,,,,Via Cienega,,,dock,,
destination,,,,,,disused:fence,,,,EO-1 2003-04-30,,steps,,,,,,,,,,emergency_access_point,,,,,quarry,,,wastewater_plant,,,stone,,,KR/EAR,,,,,,,light_rail,alley,,,Asphalt,,,,5,,,dam#,,
<same>,,,,,,bollard_row,,,,yes,,pedestrian,,,,,,,,,,primary_link,,,,,construction,,,conveyor,,,fixme,,,SNCC,,,,,,,40,mining,,,asphalt:sand,,,,VS-81,,,tube,,
foot,,,,,,gate,,,,catchment_area,,secondary_link,,,,,,,,,,route,,,,,aquaculture,,,harbour_wall,,,bare_rock,,,M.M. Mining and Togo Rail S.A. (WACEM and RITES),,,,,,,aerialway,agricultural,,,ground;grass,,,,grade3+,,,river;stream,,
FIXME,,,,,,kerb,,,,EO-1 2002-04-18,,platform,,,,,,,,,,sidewalk,,,,,meadow,,,arch,,,waterfall,,,Cabildo Insular de La Palma,,,,,,,ski,drivethroug,,,JOG,,,,trocha,,,margen izquierda Mantaro,,
BR-267,,,,,,ditch,,,,"EO-1, NASA/USGS, 2002-09-15, Al Khadim",,taxiway,,,,,,,,,,crossing,,,,,,,,Pedestrian_Bridge,,,sinkhole,,,Sasol,,,,,,,tour,Forestry,,,paved,,,,,,,dittch,,
bus,,,,,,dune,,,,national_park,,cycleway,,,,,,,,,,platform,,,,,,,,transporter,,,cilff,,,Algoa Bus,,,,,,,Bus,emergency_access,,,mud,,,,,,,,,
designated;yes,,,,,,retaining_wall,,,,EO-1 2003-10-21,,living_street,,,,,,,,,,services,,,,,,,,boom,,,valley,,,University of Cape Town,,,,,,,funicular,triangle,,,ground;compacted,,,,,,,,,
Sim,,,,,,net,,,,"EO-1, NASA/USGS, 2004-05-24, Timimi",,resicential,,,,,,,,,,dirtroad,,,,,,,,,,,rocks,,,Shosholoza Meyl,,,,,,,track,road,,,solid_rock_covered_with_ashes,,,,,,,,,
restrictive,,,,,,UIS,,,,hypothetical,,residental,,,,,,,,,,estrada da bibala,,,,,,,,,,,dunes,,,ZR,,,,,,,,vers ECA,,,cobblestone,,,,,,,,,
Jardim Zoológico,,,,,,turnstile,,,,task,,tram,,,,,,,,,,escape,,,,,,,,,,,coral_reef,,,TRANSTU,,,,,,,,-,,,grass,,,,,,,,,
bing,,,,,,sump_buster,,,,imagery,,tertiary_link,,,,,,,,,,elevator,,,,,,,,,,,beach,,,Pioneer Easybus Service,,,,,,,,bus,,,ubpaved,,,,,,,,,
service,,,,,,debris,,,,natural,,,,,,,,,,,,service,,,,,,,,,,,heath,,,SNCFT,,,,,,,,Gasolineria,,,asphalt;unpaved,,,,,,,,,
publico,,,,,,pipeline,,,,EO-1 2003-01-01,,,,,,,,,,,,alley,,,,,,,,,,,sand,,,ALSA,,,,,,,,bus_way,,,Dirt,,,,,,,,,
si,,,,,,float,,,,"EO-1 USGS 2002-04-21 ""Gharyan""",,,,,,,,,,,,secondary;primary,,,,,,,,,,,grassland,,,INCC,,,,,,,,Fenoco,,,paving_stones:30,,,,,,,,,
Transmilenio,,,,,,border_control,,,,political,,,,,,,,,,,,path,,,,,,,,,,,river,,,SRA,,,,,,,,camp_site,,,fine_gravel,,,,,,,,,
restrict,,,,,,jersey_barrier,,,,political_fraction,,,,,,,,,,,,turning_circle,,,,,,,,,,,desert,,,Eskom,,,,,,,,driveway;parking-aisle,,,grade3,,,,,,,,,
sim,,,,,,,,,,"EO-1 USGS 2003-03-01 ""Brega""",,,,,,,,,,,,road,,,,,,,,,,,glacier,,,Aftu,,,,,,,,Pasaje_peatonal_privado,,,gravel;paved;asphalt,,,,,,,,,
,,,,,,,,,,CBERS satellite image 18-10-2008,,,,,,,,,,,,passing_place,,,,,,,,,,,islet,,,Entreprise Nationale de Transport Maritime de Voyageurs,,,,,,,,yes,,,unpaved_dirt,,,,,,,,,
,,,,,,,,,,protecte_area,,,,,,,,,,,,compacted,,,,,,,,,,,wood; wood; scrub; wood; wood; wood; wood; scrub; wood; wood; wood; scrub; wood; wood; wood; wood; wood; scrub; wood; wood; scrub,,,SONATRACH,,,,,,,,TIRIO,,,clay,,,,,,,,,
,,,,,,,,,,hamlet,,,,,,,,,,,,rest_area,,,,,,,,,,,fell,,,ONATRA,,,,,,,,as,,,stand,,,,,,,,,
,,,,,,,,,,industrial,,,,,,,,,,,,undetermined,,,,,,,,,,,rapids,,,City Sightseeing,,,,,,,,service=transportation,,,concrete,,,,,,,,,
,,,,,,,,,,census,,,,,,,,,,,,unclassified,,,,,,,,,,,tree_tow,,,Horários do Funchal,,,,,,,,water_power,,,Gravel,,,,,,,,,
,,,,,,,,,,bing,,,,,,,,,,,,unsurfaced,,,,,,,,,,,SCRUB,,,EAR,,,,,,,,hydrocarbons,,,ground;laterite,,,,,,,,,
,,,,,,,,,,CBERS satellite image 21-10-2008,,,,,,,,,,,,footway,,,,,,,,,,,Emilio Castelar,,,http://www.santiagodelteide.org/,,,,,,,,long_distance,,,tar,,,,,,,,,
,,,,,,,,,,IBGE PDF Maps,,,,,,,,,,,,tracks,,,,,,,,,,,Rua Ibiracu,,,thiade,,,,,,,,tyres,,,dirt/sand,,,,,,,,,
,,,,,,,,,,fix_administrative,,,,,,,,,,,,footway;path,,,,,,,,,,,tree,,,Mozal,,,,,,,,HafenDelta,,,paved; paved; unpaved,,,,,,,,,
,,,,,,,,,,rio,,,,,,,,,,,,proposed,,,,,,,,,,,old_coastline,,,tiadhe,,,,,,,,un,,,unspecified,,,,,,,,,
,,,,,,,,,,landuse,,,,,,,,,,,,bus_stop,,,,,,,,,,,plateau,,,Kenya Pipeline Corporation Ltd.,,,,,,,,private,,,tarr,,,,,,,,,
,,,,,,,,,,Bing Aerial Imagery,,,,,,,,,,,,trail,,,,,,,,,,,tree_rowp,,,Transtu,,,,,,,,parking_aisle;driveway,,,dirt,,,,,,,,,
,,,,,,,,,,religious_administration,,,,,,,,,,,,tertiary;residential,,,,,,,,,,,crevasse,,,TANESCO,,,,,,,,Taxi,,,sea shells,,,,,,,,,
,,,,,,,,,,,,,,,,,,,,,,pedestrian,,,,,,,,,,,,,,AINGAVAO,,,,,,,,yard?,,,sand,,,,,,,,,
,,,,,,,,,,,,,,,,,,,,,,track;unclassified,,,,,,,,,,,,,,Commune;private,,,,,,,,abandoned_tram,,,pozzolan,,,,,,,,,
,,,,,,,,,,,,,,,,,,,,,,path;unclassified,,,,,,,,,,,,,,CAMRAIL,,,,,,,,tourism,,,murram,,,,,,,,,
,,,,,,,,,,,,,,,,,,,,,,unknown,,,,,,,,,,,,,,ICCN,,,,,,,,Rua Imbuí,,,unpaved;asphalt,,,,,,,,,
,,,,,,,,,,,,,,,,,,,,,,motorway_junction,,,,,,,,,,,,,,Morning Sun Nature Reserve,,,,,,,,driveway;alley,,,béton,,,,,,,,,
,,,,,,,,,,,,,,,,,,,,,,ford,,,,,,,,,,,,,,Forminière,,,,,,,,regional,,,soil,,,,,,,,,
,,,,,,,,,,,,,,,,,,,,,,trunk_link,,,,,,,,,,,,,,Mugana DDH,,,,,,,,Callejon Juzgados Penales de Concepción,,,dirt/sand;dirt,,,,,,,,,
,,,,,,,,,,,,,,,,,,,,,,cycleway,,,,,,,,,,,,,,Grid Co,,,,,,,,construcción,,,asphalt;concrete,,,,,,,,,
,,,,,,,,,,,,,,,,,,,,,,via_ferrata,,,,,,,,,,,,,,Togo Rail S.A. (WACEM and RITES),,,,,,,,commuter,,,MedenineTech,,,,,,,,,
,,,,,,,,,,,,,,,,,,,,,,disused,,,,,,,,,,,,,,ETUS,,,,,,,,Calle Andamarca,,,drirt,,,,,,,,,
,,,,,,,,,,,,,,,,,,,,,,undefined,,,,,,,,,,,,,,Rodoeste,,,,,,,,dirveway,,,Tarmac,,,,,,,,,
,,,,,,,,,,,,,,,,,,,,,,camino rural,,,,,,,,,,,,,,Mwaragania Primary School,,,,,,,,drivethrough,,,laterite,,,,,,,,,
,,,,,,,,,,,,,,,,,,,,,,dummy,,,,,,,,,,,,,,Cabildo Insular de Tenerife,,,,,,,,Bêco,,,asphalt;sand,,,,,,,,,
,,,,,,,,,,,,,,,,,,,,,,residential_link,,,,,,,,,,,,,,État,,,,,,,,busway,,,pebblestone; dirt,,,,,,,,,
,,,,,,,,,,,,,,,,,,,,,,propo,,,,,,,,,,,,,,Gautrain Bus,,,,,,,,industrial,,,ground,,,,,,,,,
,,,,,,,,,,,,,,,,,,,,,,Under_Construction,,,,,,,,,,,,,,Pioneer Easybus,,,,,,,,,,,compacted,,,,,,,,,
,,,,,,,,,,,,,,,,,,,,,,residential;tertiary,,,,,,,,,,,,,,Cabilo Insular de La Palma,,,,,,,,,,,paved;unpaved,,,,,,,,,
,,,,,,,,,,,,,,,,,,,,,,residential;secondary,,,,,,,,,,,,,,DKK,,,,,,,,,,,tartan,,,,,,,,,
,,,,,,,,,,,,,,,,,,,,,,planned,,,,,,,,,,,,,,Société tunisienne de l'électricité et du gaz (STEG),,,,,,,,,,,unkown,,,,,,,,,
,,,,,,,,,,,,,,,,,,,,,,ferry,,,,,,,,,,,,,,SONELGAZ,,,,,,,,,,,goudron,,,,,,,,,
,,,,,,,,,,,,,,,,,,,,,,residential;service,,,,,,,,,,,,,,Transmediterránea acciona,,,,,,,,,,,unpaved;paved,,,,,,,,,
,,,,,,,,,,,,,,,,,,,,,,byway,,,,,,,,,,,,,,Togo Rail S.A.,,,,,,,,,,,water,,,,,,,,,
,,,,,,,,,,,,,,,,,,,,,,bus_guideway,,,,,,,,,,,,,,transtu,,,,,,,,,,,EArth,,,,,,,,,
,,,,,,,,,,,,,,,,,,,,,,residential;track,,,,,,,,,,,,,,TOTCO,,,,,,,,,,,salt,,,,,,,,,
,,,,,,,,,,,,,,,,,,,,,,corridor,,,,,,,,,,,,,,sanral,,,,,,,,,,,cobblestone;unpaved,,,,,,,,,
,,,,,,,,,,,,,,,,,,,,,,secondary;residential,,,,,,,,,,,,,,Cabildo Insular deLa Palma,,,,,,,,,,,asphal;sand,,,,,,,,,
,,,,,,,,,,,,,,,,,,,,,,parking_lane,,,,,,,,,,,,,,Giba Gorge MTB Park,,,,,,,,,,,pebblestone,,,,,,,,,
,,,,,,,,,,,,,,,,,,,,,,,,,,,,,,,,,,,,ESCOM,,,,,,,,,,,du,,,,,,,,,
,,,,,,,,,,,,,,,,,,,,,,,,,,,,,,,,,,,,Matatu,,,,,,,,,,,paved;dirt,,,,,,,,,
,,,,,,,,,,,,,,,,,,,,,,,,,,,,,,,,,,,,Flag Ltd.,,,,,,,,,,,asphalt;dirt,,,,,,,,,
,,,,,,,,,,,,,,,,,,,,,,,,,,,,,,,,,,,,TransHierro,,,,,,,,,,,bricks,,,,,,,,,
,,,,,,,,,,,,,,,,,,,,,,,,,,,,,,,,,,,,Commune,,,,,,,,,,,Clay,,,,,,,,,
,,,,,,,,,,,,,,,,,,,,,,,,,,,,,,,,,,,,Metrorail,,,,,,,,,,,un22,,,,,,,,,
,,,,,,,,,,,,,,,,,,,,,,,,,,,,,,,,,,,,steg,,,,,,,,,,,"gravel,_rocks",,,,,,,,,
,,,,,,,,,,,,,,,,,,,,,,,,,,,,,,,,,,,,CFCO,,,,,,,,,,,unpaved2,,,,,,,,,
,,,,,,,,,,,,,,,,,,,,,,,,,,,,,,,,,,,,SNCC / CFL,,,,,,,,,,,wood,,,,,,,,,
,,,,,,,,,,,,,,,,,,,,,,,,,,,,,,,,,,,,Onjala Lodge,,,,,,,,,,,rocks,,,,,,,,,
,,,,,,,,,,,,,,,,,,,,,,,,,,,,,,,,,,,,IUPM,,,,,,,,,,,unpaved;dirt/sand,,,,,,,,,
,,,,,,,,,,,,,,,,,,,,,,,,,,,,,,,,,,,,http://www.costa-adeje.es/es/naturaleza/rutas-senderismo/sendero-camino-de-teresme,,,,,,,,,,,un,,,,,,,,,
,,,,,,,,,,,,,,,,,,,,,,,,,,,,,,,,,,,,Ayuntamiento de Candelaria,,,,,,,,,,,a,,,,,,,,,
,,,,,,,,,,,,,,,,,,,,,,,,,,,,,,,,,,,,NadorBus,,,,,,,,,,,ground;dirt,,,,,,,,,
,,,,,,,,,,,,,,,,,,,,,,,,,,,,,,,,,,,,Société Nationale des Autoroutes du Maroc S.A.,,,,,,,,,,,"asphalt, grass",,,,,,,,,
,,,,,,,,,,,,,,,,,,,,,,,,,,,,,,,,,,,,Transnet,,,,,,,,,,,boardwalk,,,,,,,,,
,,,,,,,,,,,,,,,,,,,,,,,,,,,,,,,,,,,,South African National Parks,,,,,,,,,,,no,,,,,,,,,
,,,,,,,,,,,,,,,,,,,,,,,,,,,,,,,,,,,,Robben Island Museum,,,,,,,,,,,"Deep_Sand,_4x4",,,,,,,,,
,,,,,,,,,,,,,,,,,,,,,,,,,,,,,,,,,,,,Cabildo Insular de El Hierro,,,,,,,,,,,karral,,,,,,,,,
,,,,,,,,,,,,,,,,,,,,,,,,,,,,,,,,,,,,Transportes Insular de la Palma,,,,,,,,,,,cobblestone:lanes,,,,,,,,,
,,,,,,,,,,,,,,,,,,,,,,,,,,,,,,,,,,,,MetroTenerife,,,,,,,,,,,sand?,,,,,,,,,
,,,,,,,,,,,,,,,,,,,,,,,,,,,,,,,,,,,,Global SU,,,,,,,,,,,cobblestone:flattened,,,,,,,,,
,,,,,,,,,,,,,,,,,,,,,,,,,,,,,,,,,,,,CFB,,,,,,,,,,,tarmac,,,,,,,,,
,,,,,,,,,,,,,,,,,,,,,,,,,,,,,,,,,,,,scota,,,,,,,,,,,cement,,,,,,,,,
,,,,,,,,,,,,,,,,,,,,,,,,,,,,,,,,,,,,SOTRACO,,,,,,,,,,,gravel,,,,,,,,,
,,,,,,,,,,,,,,,,,,,,,,,,,,,,,,,,,,,,Société Nouvelle des Phosphates du Togo (SNPT),,,,,,,,,,,dirt; unpaved,,,,,,,,,
,,,,,,,,,,,,,,,,,,,,,,,,,,,,,,,,,,,,soretras,,,,,,,,,,,asphalt,,,,,,,,,
,,,,,,,,,,,,,,,,,,,,,,,,,,,,,,,,,,,,Hexpas EcoTrek,,,,,,,,,,,U,,,,,,,,,
,,,,,,,,,,,,,,,,,,,,,,,,,,,,,,,,,,,,Arch Dam Pipeline,,,,,,,,,,,scree,,,,,,,,,
,,,,,,,,,,,,,,,,,,,,,,,,,,,,,,,,,,,,EACL,,,,,,,,,,,paved;ground,,,,,,,,,
,,,,,,,,,,,,,,,,,,,,,,,,,,,,,,,,,,,,TITSA,,,,,,,,,,,metal,,,,,,,,,
,,,,,,,,,,,,,,,,,,,,,,,,,,,,,,,,,,,,Umgeni Steam Railway,,,,,,,,,,,asphalt; unpaved,,,,,,,,,
,,,,,,,,,,,,,,,,,,,,,,,,,,,,,,,,,,,,STEG,,,,,,,,,,,asphalt;sand;,,,,,,,,,
,,,,,,,,,,,,,,,,,,,,,,,,,,,,,,,,,,,,ETUSA,,,,,,,,,,,bare_rock,,,,,,,,,
,,,,,,,,,,,,,,,,,,,,,,,,,,,,,,,,,,,,Société Nationale des Chemins de Fer Tunisiens,,,,,,,,,,,concrete:lanes,,,,,,,,,
,,,,,,,,,,,,,,,,,,,,,,,,,,,,,,,,,,,,SONABEL,,,,,,,,,,,land,,,,,,,,,
,,,,,,,,,,,,,,,,,,,,,,,,,,,,,,,,,,,,Société parapublique,,,,,,,,,,,paving_stones,,,,,,,,,
,,,,,,,,,,,,,,,,,,,,,,,,,,,,,,,,,,,,SNCM,,,,,,,,,,,bing,,,,,,,,,
,,,,,,,,,,,,,,,,,,,,,,,,,,,,,,,,,,,,National irrigation board(NIB),,,,,,,,,,,compacted;earth,,,,,,,,,
,,,,,,,,,,,,,,,,,,,,,,,,,,,,,,,,,,,,Mirindra,,,,,,,,,,,yes,,,,,,,,,
,,,,,,,,,,,,,,,,,,,,,,,,,,,,,,,,,,,,TSELATRA,,,,,,,,,,,unpaved; paved; unpaved,,,,,,,,,
,,,,,,,,,,,,,,,,,,,,,,,,,,,,,,,,,,,,Naviera Armas,,,,,,,,,,,concrete:plates,,,,,,,,,
,,,,,,,,,,,,,,,,,,,,,,,,,,,,,,,,,,,,CIE,,,,,,,,,,,"asphalt,_gravel",,,,,,,,,
,,,,,,,,,,,,,,,,,,,,,,,,,,,,,,,,,,,,Botswana Power,,,,,,,,,,,paralelepipedo,,,,,,,,,
,,,,,,,,,,,,,,,,,,,,,,,,,,,,,,,,,,,,ONCF,,,,,,,,,,,drt,,,,,,,,,
,,,,,,,,,,,,,,,,,,,,,,,,,,,,,,,,,,,,KRC,,,,,,,,,,,ass,,,,,,,,,
,,,,,,,,,,,,,,,,,,,,,,,,,,,,,,,,,,,,AES Sonel,,,,,,,,,,,pavimentado,,,,,,,,,
,,,,,,,,,,,,,,,,,,,,,,,,,,,,,,,,,,,,Cabildo Insular de La Gomera,,,,,,,,,,,r,,,,,,,,,
,,,,,,,,,,,,,,,,,,,,,,,,,,,,,,,,,,,,SNTF,,,,,,,,,,,madeira,,,,,,,,,
,,,,,,,,,,,,,,,,,,,,,,,,,,,,,,,,,,,,Société nationale industrielle et minière,,,,,,,,,,,paved22,,,,,,,,,
,,,,,,,,,,,,,,,,,,,,,,,,,,,,,,,,,,,,Grandi Navi Veloci,,,,,,,,,,,dirt;asphalt,,,,,,,,,
,,,,,,,,,,,,,,,,,,,,,,,,,,,,,,,,,,,,ANSA,,,,,,,,,,,ground;unpaved,,,,,,,,,
,,,,,,,,,,,,,,,,,,,,,,,,,,,,,,,,,,,,Djeno,,,,,,,,,,,Metal,,,,,,,,,
,,,,,,,,,,,,,,,,,,,,,,,,,,,,,,,,,,,,Zesco,,,,,,,,,,,asa,,,,,,,,,
,,,,,,,,,,,,,,,,,,,,,,,,,,,,,,,,,,,,Mukinyai Primary School,,,,,,,,,,,paved; cobblestone,,,,,,,,,
,,,,,,,,,,,,,,,,,,,,,,,,,,,,,,,,,,,,Metro,,,,,,,,,,,pavimento,,,,,,,,,
,,,,,,,,,,,,,,,,,,,,,,,,,,,,,,,,,,,,EMA,,,,,,,,,,,grade2,,,,,,,,,
,,,,,,,,,,,,,,,,,,,,,,,,,,,,,,,,,,,,Pretoria Portland Cement,,,,,,,,,,,IBGE,,,,,,,,,
,,,,,,,,,,,,,,,,,,,,,,,,,,,,,,,,,,,,Région,,,,,,,,,,,paved_damaged_concrete,,,,,,,,,
,,,,,,,,,,,,,,,,,,,,,,,,,,,,,,,,,,,,Rovos Rail,,,,,,,,,,,paved; paved; cobblestone,,,,,,,,,
,,,,,,,,,,,,,,,,,,,,,,,,,,,,,,,,,,,,Fred Olsen,,,,,,,,,,,dirt; asphalt,,,,,,,,,
,,,,,,,,,,,,,,,,,,,,,,,,,,,,,,,,,,,,Provincial,,,,,,,,,,,ground;gravel,,,,,,,,,
,,,,,,,,,,,,,,,,,,,,,,,,,,,,,,,,,,,,Greater Nile Petroleum Operating Company,,,,,,,,,,,paving_stones;unpaved,,,,,,,,,
,,,,,,,,,,,,,,,,,,,,,,,,,,,,,,,,,,,,FCE,,,,,,,,,,,pavimentada,,,,,,,,,
,,,,,,,,,,,,,,,,,,,,,,,,,,,,,,,,,,,,M.M. Mining;Togo Rail S.A. (WACEM and RITES),,,,,,,,,,,Glacier,,,,,,,,,
,,,,,,,,,,,,,,,,,,,,,,,,,,,,,,,,,,,,Entabeni Game Reserve,,,,,,,,,,,res,,,,,,,,,
,,,,,,,,,,,,,,,,,,,,,,,,,,,,,,,,,,,,Gautrain,,,,,,,,,,,asphalt; dirt,,,,,,,,,
,,,,,,,,,,,,,,,,,,,,,,,,,,,,,,,,,,,,SPDC,,,,,,,,,,,Pavimented,,,,,,,,,
,,,,,,,,,,,,,,,,,,,,,,,,,,,,,,,,,,,,Cabildo Insular de Gran Canaria,,,,,,,,,,,gt,,,,,,,,,
,,,,,,,,,,,,,,,,,,,,,,,,,,,,,,,,,,,,Parque Nacional de Timanfaya,,,,,,,,,,,Cobblestone,,,,,,,,,
,,,,,,,,,,,,,,,,,,,,,,,,,,,,,,,,,,,,www.matanceros.com/natero/natero/,,,,,,,,,,,unpaved;gravel;paved,,,,,,,,,
,,,,,,,,,,,,,,,,,,,,,,,,,,,,,,,,,,,,Transnet Pipelines,,,,,,,,,,,asphalt; dirt; dirt,,,,,,,,,
,,,,,,,,,,,,,,,,,,,,,,,,,,,,,,,,,,,,www.senderosdelapalma.com,,,,,,,,,,,paralepípedos,,,,,,,,,
,,,,,,,,,,,,,,,,,,,,,,,,,,,,,,,,,,,,Dakar Dem Dikk,,,,,,,,,,,Saibro,,,,,,,,,
,,,,,,,,,,,,,,,,,,,,,,,,,,,,,,,,,,,,Cabildo de La Palma,,,,,,,,,,,Ripio,,,,,,,,,
,,,,,,,,,,,,,,,,,,,,,,,,,,,,,,,,,,,,Andrew Weir Shipping Limited,,,,,,,,,,,"ground,sand",,,,,,,,,
,,,,,,,,,,,,,,,,,,,,,,,,,,,,,,,,,,,,Compagnie du chemin de fer Djibouto-Ethiopien,,,,,,,,,,,Calçamento,,,,,,,,,
,,,,,,,,,,,,,,,,,,,,,,,,,,,,,,,,,,,,ESKOM,,,,,,,,,,,"Pavimento_,_(Pavimed)",,,,,,,,,
,,,,,,,,,,,,,,,,,,,,,,,,,,,,,,,,,,,,madarail,,,,,,,,,,,Cascalho,,,,,,,,,
,,,,,,,,,,,,,,,,,,,,,,,,,,,,,,,,,,,,private,,,,,,,,,,,terrain,,,,,,,,,
,,,,,,,,,,,,,,,,,,,,,,,,,,,,,,,,,,,,itc,,,,,,,,,,,Paralelepípedo,,,,,,,,,
,,,,,,,,,,,,,,,,,,,,,,,,,,,,,,,,,,,,MSF,,,,,,,,,,,calçamento,,,,,,,,,
,,,,,,,,,,,,,,,,,,,,,,,,,,,,,,,,,,,,Société de Navigation des Australes,,,,,,,,,,,"stone, piedra",,,,,,,,,
,,,,,,,,,,,,,,,,,,,,,,,,,,,,,,,,,,,,GUASIMALES,,,,,,,,,,,asfalto,,,,,,,,,
,,,,,,,,,,,,,,,,,,,,,,,,,,,,,,,,,,,,Buses Campanil,,,,,,,,,,,u,,,,,,,,,
,,,,,,,,,,,,,,,,,,,,,,,,,,,,,,,,,,,,Fundación Municipal Transporte Masivo Urbano de Guayaquil,,,,,,,,,,,dir,,,,,,,,,
,,,,,,,,,,,,,,,,,,,,,,,,,,,,,,,,,,,,Transwolff,,,,,,,,,,,ground;sand,,,,,,,,,
,,,,,,,,,,,,,,,,,,,,,,,,,,,,,,,,,,,,FTC,,,,,,,,,,,não_pavimentada,,,,,,,,,
,,,,,,,,,,,,,,,,,,,,,,,,,,,,,,,,,,,,SETURB,,,,,,,,,,,residential,,,,,,,,,
,,,,,,,,,,,,,,,,,,,,,,,,,,,,,,,,,,,,Aguas San Isidro,,,,,,,,,,,Não_pavimentada,,,,,,,,,
,,,,,,,,,,,,,,,,,,,,,,,,,,,,,,,,,,,,Miramar,,,,,,,,,,,paved; asphalt,,,,,,,,,
,,,,,,,,,,,,,,,,,,,,,,,,,,,,,,,,,,,,Atlántida S.A.C.,,,,,,,,,,,tierra,,,,,,,,,
,,,,,,,,,,,,,,,,,,,,,,,,,,,,,,,,,,,,Marga - Taqsa - Interlagos - Clamajucar,,,,,,,,,,,"unpaved, paved",,,,,,,,,
,,,,,,,,,,,,,,,,,,,,,,,,,,,,,,,,,,,,Transporte Lope de Vega S.A.C.I.F,,,,,,,,,,,paralepípedo,,,,,,,,,
,,,,,,,,,,,,,,,,,,,,,,,,,,,,,,,,,,,,Línea 201,,,,,,,,,,,30,,,,,,,,,
,,,,,,,,,,,,,,,,,,,,,,,,,,,,,,,,,,,,Autopista Régis Bittencourt,,,,,,,,,,,Compacted,,,,,,,,,
,,,,,,,,,,,,,,,,,,,,,,,,,,,,,,,,,,,,Krioyo,,,,,,,,,,,areia,,,,,,,,,
,,,,,,,,,,,,,,,,,,,,,,,,,,,,,,,,,,,,Carris,,,,,,,,,,,unpaved; asphalt,,,,,,,,,
,,,,,,,,,,,,,,,,,,,,,,,,,,,,,,,,,,,,SEMTUR,,,,,,,,,,,paved;gravel,,,,,,,,,
,,,,,,,,,,,,,,,,,,,,,,,,,,,,,,,,,,,,San Fransisco,,,,,,,,,,,asphalt; paved,,,,,,,,,
,,,,,,,,,,,,,,,,,,,,,,,,,,,,,,,,,,,,TCCC,,,,,,,,,,,asphalt; cobblestone,,,,,,,,,
,,,,,,,,,,,,,,,,,,,,,,,,,,,,,,,,,,,,GATUSA,,,,,,,,,,,Puente_Antunez_de_Mayolo,,,,,,,,,
,,,,,,,,,,,,,,,,,,,,,,,,,,,,,,,,,,,,ALL,,,,,,,,,,,Paralelepípedos,,,,,,,,,
,,,,,,,,,,,,,,,,,,,,,,,,,,,,,,,,,,,,Metrô Rio,,,,,,,,,,,Polvo de ladrillo,,,,,,,,,
,,,,,,,,,,,,,,,,,,,,,,,,,,,,,,,,,,,,Conceição,,,,,,,,,,,paved; unpaved; unpaved,,,,,,,,,
,,,,,,,,,,,,,,,,,,,,,,,,,,,,,,,,,,,,Viação Leme Ltda,,,,,,,,,,,steel,,,,,,,,,
,,,,,,,,,,,,,,,,,,,,,,,,,,,,,,,,,,,,COOBUS S.A.,,,,,,,,,,,unpaved;ground,,,,,,,,,
,,,,,,,,,,,,,,,,,,,,,,,,,,,,,,,,,,,,14A La Marina,,,,,,,,,,,ground;paved,,,,,,,,,
,,,,,,,,,,,,,,,,,,,,,,,,,,,,,,,,,,,,Araçatuba,,,,,,,,,,,paved;asphalt,,,,,,,,,
,,,,,,,,,,,,,,,,,,,,,,,,,,,,,,,,,,,,Express de Santiago Uno S.A.,,,,,,,,,,,Pedra,,,,,,,,,
,,,,,,,,,,,,,,,,,,,,,,,,,,,,,,,,,,,,Ministerio de Turismo,,,,,,,,,,,cobblestone;asphalt,,,,,,,,,
,,,,,,,,,,,,,,,,,,,,,,,,,,,,,,,,,,,,Secretaria Estadual do Meio Ambiente do Rio Grande do Sul,,,,,,,,,,,Terra,,,,,,,,,
,,,,,,,,,,,,,,,,,,,,,,,,,,,,,,,,,,,,Transmetro S.A.S.,,,,,,,,,,,lahar,,,,,,,,,
,,,,,,,,,,,,,,,,,,,,,,,,,,,,,,,,,,,,sitp,,,,,,,,,,,asphalt; gravel,,,,,,,,,
,,,,,,,,,,,,,,,,,,,,,,,,,,,,,,,,,,,,Metro de Caracas,,,,,,,,,,,Rua Paraná,,,,,,,,,
,,,,,,,,,,,,,,,,,,,,,,,,,,,,,,,,,,,,Ruta Las Playas,,,,,,,,,,,saibro,,,,,,,,,
,,,,,,,,,,,,,,,,,,,,,,,,,,,,,,,,,,,,Monticas,,,,,,,,,,,"sand,ground",,,,,,,,,
,,,,,,,,,,,,,,,,,,,,,,,,,,,,,,,,,,,,Cooperativa Sporman,,,,,,,,,,,P,,,,,,,,,
,,,,,,,,,,,,,,,,,,,,,,,,,,,,,,,,,,,,Transoledad,,,,,,,,,,,asphalt;paved,,,,,,,,,
,,,,,,,,,,,,,,,,,,,,,,,,,,,,,,,,,,,,1A,,,,,,,,,,,Pedras,,,,,,,,,
,,,,,,,,,,,,,,,,,,,,,,,,,,,,,,,,,,,,Cristália,,,,,,,,,,,fas,,,,,,,,,
,,,,,,,,,,,,,,,,,,,,,,,,,,,,,,,,,,,,Rodovia das Cataratas,,,,,,,,,,,stones,,,,,,,,,
,,,,,,,,,,,,,,,,,,,,,,,,,,,,,,,,,,,,Linea C,,,,,,,,,,,Tierra,,,,,,,,,
,,,,,,,,,,,,,,,,,,,,,,,,,,,,,,,,,,,,Triângulo do Sol,,,,,,,,,,,paving_stones;asphalt,,,,,,,,,
,,,,,,,,,,,,,,,,,,,,,,,,,,,,,,,,,,,,Metro Transportes,,,,,,,,,,,A,,,,,,,,,
,,,,,,,,,,,,,,,,,,,,,,,,,,,,,,,,,,,,Panavial,,,,,,,,,,,unpaved;gravel,,,,,,,,,
,,,,,,,,,,,,,,,,,,,,,,,,,,,,,,,,,,,,Transportes San Cayetano S.A.C.,,,,,,,,,,,Pavimentada,,,,,,,,,
,,,,,,,,,,,,,,,,,,,,,,,,,,,,,,,,,,,,Taikré,,,,,,,,,,,paved; ground,,,,,,,,,
,,,,,,,,,,,,,,,,,,,,,,,,,,,,,,,,,,,,VIP Transportes Urnanos,,,,,,,,,,,pa,,,,,,,,,
,,,,,,,,,,,,,,,,,,,,,,,,,,,,,,,,,,,,Ciudad de Cordoba,,,,,,,,,,,ice,,,,,,,,,
,,,,,,,,,,,,,,,,,,,,,,,,,,,,,,,,,,,,Viação Campo Belo,,,,,,,,,,,unpavec,,,,,,,,,
,,,,,,,,,,,,,,,,,,,,,,,,,,,,,,,,,,,,VB Transportes,,,,,,,,,,,terra,,,,,,,,,
,,,,,,,,,,,,,,,,,,,,,,,,,,,,,,,,,,,,Buses Puchacay,,,,,,,,,,,,,,,,,,,,
,,,,,,,,,,,,,,,,,,,,,,,,,,,,,,,,,,,,Estrada de Ferro do Corcovado,,,,,,,,,,,,,,,,,,,,
,,,,,,,,,,,,,,,,,,,,,,,,,,,,,,,,,,,,ISA Bolivia,,,,,,,,,,,,,,,,,,,,
,,,,,,,,,,,,,,,,,,,,,,,,,,,,,,,,,,,,Mobilbrasil,,,,,,,,,,,,,,,,,,,,
,,,,,,,,,,,,,,,,,,,,,,,,,,,,,,,,,,,,Ferrocarriles del Ecuador Empresa Publica,,,,,,,,,,,,,,,,,,,,
,,,,,,,,,,,,,,,,,,,,,,,,,,,,,,,,,,,,EXPRESSO SBC,,,,,,,,,,,,,,,,,,,,
,,,,,,,,,,,,,,,,,,,,,,,,,,,,,,,,,,,,Parques Nacionales,,,,,,,,,,,,,,,,,,,,
,,,,,,,,,,,,,,,,,,,,,,,,,,,,,,,,,,,,Carcarañá Express,,,,,,,,,,,,,,,,,,,,
,,,,,,,,,,,,,,,,,,,,,,,,,,,,,,,,,,,,RIGRAS,,,,,,,,,,,,,,,,,,,,
,,,,,,,,,,,,,,,,,,,,,,,,,,,,,,,,,,,,Sargento Cabral SRL,,,,,,,,,,,,,,,,,,,,
,,,,,,,,,,,,,,,,,,,,,,,,,,,,,,,,,,,,SOFSE,,,,,,,,,,,,,,,,,,,,
,,,,,,,,,,,,,,,,,,,,,,,,,,,,,,,,,,,,ViaQuatro,,,,,,,,,,,,,,,,,,,,
,,,,,,,,,,,,,,,,,,,,,,,,,,,,,,,,,,,,Ecovias,,,,,,,,,,,,,,,,,,,,
,,,,,,,,,,,,,,,,,,,,,,,,,,,,,,,,,,,,Posto Carrefour Wenceslau,,,,,,,,,,,,,,,,,,,,
,,,,,,,,,,,,,,,,,,,,,,,,,,,,,,,,,,,,Transporte Automotor Plaza S.A.C. e I.,,,,,,,,,,,,,,,,,,,,
,,,,,,,,,,,,,,,,,,,,,,,,,,,,,,,,,,,,Transmetro SAS,,,,,,,,,,,,,,,,,,,,
,,,,,,,,,,,,,,,,,,,,,,,,,,,,,,,,,,,,Chaltén Travel,,,,,,,,,,,,,,,,,,,,
,,,,,,,,,,,,,,,,,,,,,,,,,,,,,,,,,,,,Renovias,,,,,,,,,,,,,,,,,,,,
,,,,,,,,,,,,,,,,,,,,,,,,,,,,,,,,,,,,Viação Gato Preto,,,,,,,,,,,,,,,,,,,,
,,,,,,,,,,,,,,,,,,,,,,,,,,,,,,,,,,,,Transportes Amigos Unidos S/A,,,,,,,,,,,,,,,,,,,,
,,,,,,,,,,,,,,,,,,,,,,,,,,,,,,,,,,,,Ruta Bus S.A.,,,,,,,,,,,,,,,,,,,,
,,,,,,,,,,,,,,,,,,,,,,,,,,,,,,,,,,,,Rosario Bus,,,,,,,,,,,,,,,,,,,,
,,,,,,,,,,,,,,,,,,,,,,,,,,,,,,,,,,,,Coniferal,,,,,,,,,,,,,,,,,,,,
,,,,,,,,,,,,,,,,,,,,,,,,,,,,,,,,,,,,Transportes Fenur S.A.,,,,,,,,,,,,,,,,,,,,
,,,,,,,,,,,,,,,,,,,,,,,,,,,,,,,,,,,,Pégaso,,,,,,,,,,,,,,,,,,,,
,,,,,,,,,,,,,,,,,,,,,,,,,,,,,,,,,,,,Unigal,,,,,,,,,,,,,,,,,,,,
,,,,,,,,,,,,,,,,,,,,,,,,,,,,,,,,,,,,Transnordestina Logística S.A.,,,,,,,,,,,,,,,,,,,,
,,,,,,,,,,,,,,,,,,,,,,,,,,,,,,,,,,,,TCB,,,,,,,,,,,,,,,,,,,,
,,,,,,,,,,,,,,,,,,,,,,,,,,,,,,,,,,,,Empresa Albardon,,,,,,,,,,,,,,,,,,,,
,,,,,,,,,,,,,,,,,,,,,,,,,,,,,,,,,,,,Transportes Colegiales SACI,,,,,,,,,,,,,,,,,,,,
,,,,,,,,,,,,,,,,,,,,,,,,,,,,,,,,,,,,Consorcio Sete,,,,,,,,,,,,,,,,,,,,
,,,,,,,,,,,,,,,,,,,,,,,,,,,,,,,,,,,,3 de Mayo S.A.,,,,,,,,,,,,,,,,,,,,
,,,,,,,,,,,,,,,,,,,,,,,,,,,,,,,,,,,,Bauer Cargas,,,,,,,,,,,,,,,,,,,,
,,,,,,,,,,,,,,,,,,,,,,,,,,,,,,,,,,,,SuperVia,,,,,,,,,,,,,,,,,,,,
,,,,,,,,,,,,,,,,,,,,,,,,,,,,,,,,,,,,NUDO S.A.,,,,,,,,,,,,,,,,,,,,
,,,,,,,,,,,,,,,,,,,,,,,,,,,,,,,,,,,,Biobus,,,,,,,,,,,,,,,,,,,,
,,,,,,,,,,,,,,,,,,,,,,,,,,,,,,,,,,,,Stadtbus,,,,,,,,,,,,,,,,,,,,
,,,,,,,,,,,,,,,,,,,,,,,,,,,,,,,,,,,,Bencivenga SRL,,,,,,,,,,,,,,,,,,,,
,,,,,,,,,,,,,,,,,,,,,,,,,,,,,,,,,,,,Clyfema,,,,,,,,,,,,,,,,,,,,
,,,,,,,,,,,,,,,,,,,,,,,,,,,,,,,,,,,,S.A.E.S.,,,,,,,,,,,,,,,,,,,,
,,,,,,,,,,,,,,,,,,,,,,,,,,,,,,,,,,,,Cootra,,,,,,,,,,,,,,,,,,,,
,,,,,,,,,,,,,,,,,,,,,,,,,,,,,,,,,,,,PiracIcabana,,,,,,,,,,,,,,,,,,,,
,,,,,,,,,,,,,,,,,,,,,,,,,,,,,,,,,,,,Benfica,,,,,,,,,,,,,,,,,,,,
,,,,,,,,,,,,,,,,,,,,,,,,,,,,,,,,,,,,Copertalse,,,,,,,,,,,,,,,,,,,,
,,,,,,,,,,,,,,,,,,,,,,,,,,,,,,,,,,,,Mayo S.A.T.A.,,,,,,,,,,,,,,,,,,,,
,,,,,,,,,,,,,,,,,,,,,,,,,,,,,,,,,,,,29 de Setiembre Boqueron S.R.L.,,,,,,,,,,,,,,,,,,,,
,,,,,,,,,,,,,,,,,,,,,,,,,,,,,,,,,,,,Riacho Grande,,,,,,,,,,,,,,,,,,,,
,,,,,,,,,,,,,,,,,,,,,,,,,,,,,,,,,,,,Transportes Fenur S. A,,,,,,,,,,,,,,,,,,,,
,,,,,,,,,,,,,,,,,,,,,,,,,,,,,,,,,,,,Conferry,,,,,,,,,,,,,,,,,,,,
,,,,,,,,,,,,,,,,,,,,,,,,,,,,,,,,,,,,Metro de Medellín,,,,,,,,,,,,,,,,,,,,
,,,,,,,,,,,,,,,,,,,,,,,,,,,,,,,,,,,,RodoSol,,,,,,,,,,,,,,,,,,,,
,,,,,,,,,,,,,,,,,,,,,,,,,,,,,,,,,,,,Servicios Ferroviarios del Chaco,,,,,,,,,,,,,,,,,,,,
,,,,,,,,,,,,,,,,,,,,,,,,,,,,,,,,,,,,Ferrovia Norte-Sul,,,,,,,,,,,,,,,,,,,,
,,,,,,,,,,,,,,,,,,,,,,,,,,,,,,,,,,,,Cooperativa La Unión,,,,,,,,,,,,,,,,,,,,
,,,,,,,,,,,,,,,,,,,,,,,,,,,,,,,,,,,,América Latina Logística,,,,,,,,,,,,,,,,,,,,
,,,,,,,,,,,,,,,,,,,,,,,,,,,,,,,,,,,,Universidade Federal da Fronteira Sul,,,,,,,,,,,,,,,,,,,,
,,,,,,,,,,,,,,,,,,,,,,,,,,,,,,,,,,,,Empresa del Oeste,,,,,,,,,,,,,,,,,,,,
,,,,,,,,,,,,,,,,,,,,,,,,,,,,,,,,,,,,TGS SA,,,,,,,,,,,,,,,,,,,,
,,,,,,,,,,,,,,,,,,,,,,,,,,,,,,,,,,,,Cooperativa La Calera,,,,,,,,,,,,,,,,,,,,
,,,,,,,,,,,,,,,,,,,,,,,,,,,,,,,,,,,,URBS,,,,,,,,,,,,,,,,,,,,
,,,,,,,,,,,,,,,,,,,,,,,,,,,,,,,,,,,,Viação Santa Cruz,,,,,,,,,,,,,,,,,,,,
,,,,,,,,,,,,,,,,,,,,,,,,,,,,,,,,,,,,Consórcio Sete,,,,,,,,,,,,,,,,,,,,
,,,,,,,,,,,,,,,,,,,,,,,,,,,,,,,,,,,,Empresa del Oeste S.A. de Transporte,,,,,,,,,,,,,,,,,,,,
,,,,,,,,,,,,,,,,,,,,,,,,,,,,,,,,,,,,Planalto,,,,,,,,,,,,,,,,,,,,
,,,,,,,,,,,,,,,,,,,,,,,,,,,,,,,,,,,,Ministerio de Transporte Terrestre,,,,,,,,,,,,,,,,,,,,
,,,,,,,,,,,,,,,,,,,,,,,,,,,,,,,,,,,,Metrovías,,,,,,,,,,,,,,,,,,,,
,,,,,,,,,,,,,,,,,,,,,,,,,,,,,,,,,,,,DER-PR,,,,,,,,,,,,,,,,,,,,
,,,,,,,,,,,,,,,,,,,,,,,,,,,,,,,,,,,,Viação São Francisco,,,,,,,,,,,,,,,,,,,,
,,,,,,,,,,,,,,,,,,,,,,,,,,,,,,,,,,,,Municipio de Ibarra,,,,,,,,,,,,,,,,,,,,
,,,,,,,,,,,,,,,,,,,,,,,,,,,,,,,,,,,,Fundação Florestal,,,,,,,,,,,,,,,,,,,,
,,,,,,,,,,,,,,,,,,,,,,,,,,,,,,,,,,,,Argentren,,,,,,,,,,,,,,,,,,,,
,,,,,,,,,,,,,,,,,,,,,,,,,,,,,,,,,,,,Votorantim,,,,,,,,,,,,,,,,,,,,
,,,,,,,,,,,,,,,,,,,,,,,,,,,,,,,,,,,,Sarl 3G2M (Transport Madeleine),,,,,,,,,,,,,,,,,,,,
,,,,,,,,,,,,,,,,,,,,,,,,,,,,,,,,,,,,Municipalidad Metropolitana de Lima,,,,,,,,,,,,,,,,,,,,
,,,,,,,,,,,,,,,,,,,,,,,,,,,,,,,,,,,,TransBus,,,,,,,,,,,,,,,,,,,,
,,,,,,,,,,,,,,,,,,,,,,,,,,,,,,,,,,,,GADC,,,,,,,,,,,,,,,,,,,,
,,,,,,,,,,,,,,,,,,,,,,,,,,,,,,,,,,,,Rede Cemat,,,,,,,,,,,,,,,,,,,,
,,,,,,,,,,,,,,,,,,,,,,,,,,,,,,,,,,,,La Mixta,,,,,,,,,,,,,,,,,,,,
,,,,,,,,,,,,,,,,,,,,,,,,,,,,,,,,,,,,Metra,,,,,,,,,,,,,,,,,,,,
,,,,,,,,,,,,,,,,,,,,,,,,,,,,,,,,,,,,CLYFEMA,,,,,,,,,,,,,,,,,,,,
,,,,,,,,,,,,,,,,,,,,,,,,,,,,,,,,,,,,Línea 270,,,,,,,,,,,,,,,,,,,,
,,,,,,,,,,,,,,,,,,,,,,,,,,,,,,,,,,,,Flecha Bus,,,,,,,,,,,,,,,,,,,,
,,,,,,,,,,,,,,,,,,,,,,,,,,,,,,,,,,,,ANCAP,,,,,,,,,,,,,,,,,,,,
,,,,,,,,,,,,,,,,,,,,,,,,,,,,,,,,,,,,Municipalidad de Lima,,,,,,,,,,,,,,,,,,,,
,,,,,,,,,,,,,,,,,,,,,,,,,,,,,,,,,,,,CNEL,,,,,,,,,,,,,,,,,,,,
,,,,,,,,,,,,,,,,,,,,,,,,,,,,,,,,,,,,Viação Campo Grande,,,,,,,,,,,,,,,,,,,,
,,,,,,,,,,,,,,,,,,,,,,,,,,,,,,,,,,,,Empresa Provincial de Transporte de Mendoza,,,,,,,,,,,,,,,,,,,,
,,,,,,,,,,,,,,,,,,,,,,,,,,,,,,,,,,,,Sotratal Ltda.,,,,,,,,,,,,,,,,,,,,
,,,,,,,,,,,,,,,,,,,,,,,,,,,,,,,,,,,,Águia Branca and Lírio dos Vales,,,,,,,,,,,,,,,,,,,,
,,,,,,,,,,,,,,,,,,,,,,,,,,,,,,,,,,,,Mandacaruense,,,,,,,,,,,,,,,,,,,,
,,,,,,,,,,,,,,,,,,,,,,,,,,,,,,,,,,,,Provincia de Misiones,,,,,,,,,,,,,,,,,,,,
,,,,,,,,,,,,,,,,,,,,,,,,,,,,,,,,,,,,Empresa Publica Metropolitana de Pasajeros de Quito,,,,,,,,,,,,,,,,,,,,
,,,,,,,,,,,,,,,,,,,,,,,,,,,,,,,,,,,,Efal,,,,,,,,,,,,,,,,,,,,
,,,,,,,,,,,,,,,,,,,,,,,,,,,,,,,,,,,,Nueva Sol Yet,,,,,,,,,,,,,,,,,,,,
,,,,,,,,,,,,,,,,,,,,,,,,,,,,,,,,,,,,Ferrocentral,,,,,,,,,,,,,,,,,,,,
,,,,,,,,,,,,,,,,,,,,,,,,,,,,,,,,,,,,VIAÇÃO PENDOTIBA S/A,,,,,,,,,,,,,,,,,,,,
,,,,,,,,,,,,,,,,,,,,,,,,,,,,,,,,,,,,Coop.Jolumbo,,,,,,,,,,,,,,,,,,,,
,,,,,,,,,,,,,,,,,,,,,,,,,,,,,,,,,,,,Empresa Transportes Nueva Chicago C.I.S.A.,,,,,,,,,,,,,,,,,,,,
,,,,,,,,,,,,,,,,,,,,,,,,,,,,,,,,,,,,Cidade de Maceió,,,,,,,,,,,,,,,,,,,,
,,,,,,,,,,,,,,,,,,,,,,,,,,,,,,,,,,,,Empresa Quinientos Uno S.A,,,,,,,,,,,,,,,,,,,,
,,,,,,,,,,,,,,,,,,,,,,,,,,,,,,,,,,,,MRS,,,,,,,,,,,,,,,,,,,,
,,,,,,,,,,,,,,,,,,,,,,,,,,,,,,,,,,,,AUTO ÔNIBUS TRÊS IRMÃOS LTDA,,,,,,,,,,,,,,,,,,,,
,,,,,,,,,,,,,,,,,,,,,,,,,,,,,,,,,,,,Via Sul Transportes Urbanos Ltda.,,,,,,,,,,,,,,,,,,,,
,,,,,,,,,,,,,,,,,,,,,,,,,,,,,,,,,,,,Consórcio Bandeirante de Transporte,,,,,,,,,,,,,,,,,,,,
,,,,,,,,,,,,,,,,,,,,,,,,,,,,,,,,,,,,Rede Celpa,,,,,,,,,,,,,,,,,,,,
,,,,,,,,,,,,,,,,,,,,,,,,,,,,,,,,,,,,Consórcio Sudoeste de Transporte,,,,,,,,,,,,,,,,,,,,
,,,,,,,,,,,,,,,,,,,,,,,,,,,,,,,,,,,,SurNor S.A.,,,,,,,,,,,,,,,,,,,,
,,,,,,,,,,,,,,,,,,,,,,,,,,,,,,,,,,,,Cooperativa Sportman - La Unión - Don Otto,,,,,,,,,,,,,,,,,,,,
,,,,,,,,,,,,,,,,,,,,,,,,,,,,,,,,,,,,Viángeles,,,,,,,,,,,,,,,,,,,,
,,,,,,,,,,,,,,,,,,,,,,,,,,,,,,,,,,,,Consórcio Leste 4,,,,,,,,,,,,,,,,,,,,
,,,,,,,,,,,,,,,,,,,,,,,,,,,,,,,,,,,,Cooperalfa,,,,,,,,,,,,,,,,,,,,
,,,,,,,,,,,,,,,,,,,,,,,,,,,,,,,,,,,,São Cristóvão,,,,,,,,,,,,,,,,,,,,
,,,,,,,,,,,,,,,,,,,,,,,,,,,,,,,,,,,,Guanabara,,,,,,,,,,,,,,,,,,,,
,,,,,,,,,,,,,,,,,,,,,,,,,,,,,,,,,,,,Petroecuador,,,,,,,,,,,,,,,,,,,,
,,,,,,,,,,,,,,,,,,,,,,,,,,,,,,,,,,,,CONDUBUS LTDA.,,,,,,,,,,,,,,,,,,,,
,,,,,,,,,,,,,,,,,,,,,,,,,,,,,,,,,,,,Polícia Rodoviária Estadual,,,,,,,,,,,,,,,,,,,,
,,,,,,,,,,,,,,,,,,,,,,,,,,,,,,,,,,,,Taubaté,,,,,,,,,,,,,,,,,,,,
,,,,,,,,,,,,,,,,,,,,,,,,,,,,,,,,,,,,Consórcio Sudoeste,,,,,,,,,,,,,,,,,,,,
,,,,,,,,,,,,,,,,,,,,,,,,,,,,,,,,,,,,Intervias Pirajuçara,,,,,,,,,,,,,,,,,,,,
,,,,,,,,,,,,,,,,,,,,,,,,,,,,,,,,,,,,Cal Tur,,,,,,,,,,,,,,,,,,,,
,,,,,,,,,,,,,,,,,,,,,,,,,,,,,,,,,,,,Metropolitano,,,,,,,,,,,,,,,,,,,,
,,,,,,,,,,,,,,,,,,,,,,,,,,,,,,,,,,,,Transtusa,,,,,,,,,,,,,,,,,,,,
,,,,,,,,,,,,,,,,,,,,,,,,,,,,,,,,,,,,Marinha do Brasil,,,,,,,,,,,,,,,,,,,,
,,,,,,,,,,,,,,,,,,,,,,,,,,,,,,,,,,,,Companhia do Metropolitano de São Paulo,,,,,,,,,,,,,,,,,,,,
,,,,,,,,,,,,,,,,,,,,,,,,,,,,,,,,,,,,Rotoline,,,,,,,,,,,,,,,,,,,,
,,,,,,,,,,,,,,,,,,,,,,,,,,,,,,,,,,,,1,,,,,,,,,,,,,,,,,,,,
,,,,,,,,,,,,,,,,,,,,,,,,,,,,,,,,,,,,Transener,,,,,,,,,,,,,,,,,,,,
,,,,,,,,,,,,,,,,,,,,,,,,,,,,,,,,,,,,Aparecida,,,,,,,,,,,,,,,,,,,,
,,,,,,,,,,,,,,,,,,,,,,,,,,,,,,,,,,,,Línea B,,,,,,,,,,,,,,,,,,,,
,,,,,,,,,,,,,,,,,,,,,,,,,,,,,,,,,,,,Microómnibus Barrancas de Belgrano S.A.,,,,,,,,,,,,,,,,,,,,
,,,,,,,,,,,,,,,,,,,,,,,,,,,,,,,,,,,,Transurb,,,,,,,,,,,,,,,,,,,,
,,,,,,,,,,,,,,,,,,,,,,,,,,,,,,,,,,,,Ferryven,,,,,,,,,,,,,,,,,,,,
,,,,,,,,,,,,,,,,,,,,,,,,,,,,,,,,,,,,Parque Nacional del Arroz - Hacienda La Guaira,,,,,,,,,,,,,,,,,,,,
,,,,,,,,,,,,,,,,,,,,,,,,,,,,,,,,,,,,Buses Tucapel,,,,,,,,,,,,,,,,,,,,
,,,,,,,,,,,,,,,,,,,,,,,,,,,,,,,,,,,,Estrela TC,,,,,,,,,,,,,,,,,,,,
,,,,,,,,,,,,,,,,,,,,,,,,,,,,,,,,,,,,EPTM,,,,,,,,,,,,,,,,,,,,
,,,,,,,,,,,,,,,,,,,,,,,,,,,,,,,,,,,,ERSA,,,,,,,,,,,,,,,,,,,,
,,,,,,,,,,,,,,,,,,,,,,,,,,,,,,,,,,,,PIRACICABANA,,,,,,,,,,,,,,,,,,,,
,,,,,,,,,,,,,,,,,,,,,,,,,,,,,,,,,,,,Microomnibus cuarenta y cinco S.A.C.I.F.,,,,,,,,,,,,,,,,,,,,
,,,,,,,,,,,,,,,,,,,,,,,,,,,,,,,,,,,,CMTC,,,,,,,,,,,,,,,,,,,,
,,,,,,,,,,,,,,,,,,,,,,,,,,,,,,,,,,,,Alcaldía de Caracas,,,,,,,,,,,,,,,,,,,,
,,,,,,,,,,,,,,,,,,,,,,,,,,,,,,,,,,,,Transporte América S.A.C.I.,,,,,,,,,,,,,,,,,,,,
,,,,,,,,,,,,,,,,,,,,,,,,,,,,,,,,,,,,Funes Hill,,,,,,,,,,,,,,,,,,,,
,,,,,,,,,,,,,,,,,,,,,,,,,,,,,,,,,,,,Viação Piracicabana,,,,,,,,,,,,,,,,,,,,
,,,,,,,,,,,,,,,,,,,,,,,,,,,,,,,,,,,,Microomnibus Ciudad de Buenos Aires S.A.T.C.I. (MOCBA),,,,,,,,,,,,,,,,,,,,
,,,,,,,,,,,,,,,,,,,,,,,,,,,,,,,,,,,,GAMC,,,,,,,,,,,,,,,,,,,,
,,,,,,,,,,,,,,,,,,,,,,,,,,,,,,,,,,,,Metro Los Teques C.A,,,,,,,,,,,,,,,,,,,,
,,,,,,,,,,,,,,,,,,,,,,,,,,,,,,,,,,,,Municipalidad de Cañada de Gómez,,,,,,,,,,,,,,,,,,,,
,,,,,,,,,,,,,,,,,,,,,,,,,,,,,,,,,,,,Via040,,,,,,,,,,,,,,,,,,,,
,,,,,,,,,,,,,,,,,,,,,,,,,,,,,,,,,,,,Expreso Rada Tilly,,,,,,,,,,,,,,,,,,,,
,,,,,,,,,,,,,,,,,,,,,,,,,,,,,,,,,,,,Instituto Chico Mendes de Conservação da Biodiversidade,,,,,,,,,,,,,,,,,,,,
,,,,,,,,,,,,,,,,,,,,,,,,,,,,,,,,,,,,Transpetro,,,,,,,,,,,,,,,,,,,,
,,,,,,,,,,,,,,,,,,,,,,,,,,,,,,,,,,,,SMAC,,,,,,,,,,,,,,,,,,,,
,,,,,,,,,,,,,,,,,,,,,,,,,,,,,,,,,,,,Transba,,,,,,,,,,,,,,,,,,,,
,,,,,,,,,,,,,,,,,,,,,,,,,,,,,,,,,,,,Municipalidad de Chivilcoy,,,,,,,,,,,,,,,,,,,,
,,,,,,,,,,,,,,,,,,,,,,,,,,,,,,,,,,,,Redentor,,,,,,,,,,,,,,,,,,,,
,,,,,,,,,,,,,,,,,,,,,,,,,,,,,,,,,,,,Línea 71 S.A.,,,,,,,,,,,,,,,,,,,,
,,,,,,,,,,,,,,,,,,,,,,,,,,,,,,,,,,,,Autobuses Caleta Olivia,,,,,,,,,,,,,,,,,,,,
,,,,,,,,,,,,,,,,,,,,,,,,,,,,,,,,,,,,Doscientos Ocho Transporte Automotor (DOTA),,,,,,,,,,,,,,,,,,,,
,,,,,,,,,,,,,,,,,,,,,,,,,,,,,,,,,,,,Consórcio Santa Cruz,,,,,,,,,,,,,,,,,,,,
,,,,,,,,,,,,,,,,,,,,,,,,,,,,,,,,,,,,Abate Molina S.A.,,,,,,,,,,,,,,,,,,,,
,,,,,,,,,,,,,,,,,,,,,,,,,,,,,,,,,,,,http://www.senderodechile.cl,,,,,,,,,,,,,,,,,,,,
,,,,,,,,,,,,,,,,,,,,,,,,,,,,,,,,,,,,ORIENTAL,,,,,,,,,,,,,,,,,,,,
,,,,,,,,,,,,,,,,,,,,,,,,,,,,,,,,,,,,Egobus,,,,,,,,,,,,,,,,,,,,
,,,,,,,,,,,,,,,,,,,,,,,,,,,,,,,,,,,,Pehuenche S.A.,,,,,,,,,,,,,,,,,,,,
,,,,,,,,,,,,,,,,,,,,,,,,,,,,,,,,,,,,Consórcio Dez,,,,,,,,,,,,,,,,,,,,
,,,,,,,,,,,,,,,,,,,,,,,,,,,,,,,,,,,,SITSSA C.A,,,,,,,,,,,,,,,,,,,,
,,,,,,,,,,,,,,,,,,,,,,,,,,,,,,,,,,,,Viapar,,,,,,,,,,,,,,,,,,,,
,,,,,,,,,,,,,,,,,,,,,,,,,,,,,,,,,,,,Transportes Sesenta y Ocho S.R.L,,,,,,,,,,,,,,,,,,,,
,,,,,,,,,,,,,,,,,,,,,,,,,,,,,,,,,,,,Ferroviaria Oriental,,,,,,,,,,,,,,,,,,,,
,,,,,,,,,,,,,,,,,,,,,,,,,,,,,,,,,,,,SMTC,,,,,,,,,,,,,,,,,,,,
,,,,,,,,,,,,,,,,,,,,,,,,,,,,,,,,,,,,Valentín Luis Estoco e Hijos SRL,,,,,,,,,,,,,,,,,,,,
,,,,,,,,,,,,,,,,,,,,,,,,,,,,,,,,,,,,Prumo Logística S.A.,,,,,,,,,,,,,,,,,,,,
,,,,,,,,,,,,,,,,,,,,,,,,,,,,,,,,,,,,Santa Edwiges,,,,,,,,,,,,,,,,,,,,
,,,,,,,,,,,,,,,,,,,,,,,,,,,,,,,,,,,,BRTRio,,,,,,,,,,,,,,,,,,,,
,,,,,,,,,,,,,,,,,,,,,,,,,,,,,,,,,,,,Universidade Estadual de Maringá,,,,,,,,,,,,,,,,,,,,
,,,,,,,,,,,,,,,,,,,,,,,,,,,,,,,,,,,,PB Rio,,,,,,,,,,,,,,,,,,,,
,,,,,,,,,,,,,,,,,,,,,,,,,,,,,,,,,,,,Ferroeste,,,,,,,,,,,,,,,,,,,,
,,,,,,,,,,,,,,,,,,,,,,,,,,,,,,,,,,,,Estrela,,,,,,,,,,,,,,,,,,,,
,,,,,,,,,,,,,,,,,,,,,,,,,,,,,,,,,,,,Municipio de Ituzaingó,,,,,,,,,,,,,,,,,,,,
,,,,,,,,,,,,,,,,,,,,,,,,,,,,,,,,,,,,Biguaçu,,,,,,,,,,,,,,,,,,,,
,,,,,,,,,,,,,,,,,,,,,,,,,,,,,,,,,,,,Country Club Chapecó,,,,,,,,,,,,,,,,,,,,
,,,,,,,,,,,,,,,,,,,,,,,,,,,,,,,,,,,,Corredores Ferroviarios,,,,,,,,,,,,,,,,,,,,
,,,,,,,,,,,,,,,,,,,,,,,,,,,,,,,,,,,,Juan B. Justo S.A.T.C.I.,,,,,,,,,,,,,,,,,,,,
,,,,,,,,,,,,,,,,,,,,,,,,,,,,,,,,,,,,REDBUS URBANO S.A.,,,,,,,,,,,,,,,,,,,,
,,,,,,,,,,,,,,,,,,,,,,,,,,,,,,,,,,,,Trevitur Viagens,,,,,,,,,,,,,,,,,,,,
,,,,,,,,,,,,,,,,,,,,,,,,,,,,,,,,,,,,LINEA 3. BUS BARINAS,,,,,,,,,,,,,,,,,,,,
,,,,,,,,,,,,,,,,,,,,,,,,,,,,,,,,,,,,CAGEPA,,,,,,,,,,,,,,,,,,,,
,,,,,,,,,,,,,,,,,,,,,,,,,,,,,,,,,,,,Ferrovia Centro Atlântica,,,,,,,,,,,,,,,,,,,,
,,,,,,,,,,,,,,,,,,,,,,,,,,,,,,,,,,,,PeruRail,,,,,,,,,,,,,,,,,,,,
,,,,,,,,,,,,,,,,,,,,,,,,,,,,,,,,,,,,Empresa Mayo S.A.T.A.,,,,,,,,,,,,,,,,,,,,
,,,,,,,,,,,,,,,,,,,,,,,,,,,,,,,,,,,,Rizzatti Transportes,,,,,,,,,,,,,,,,,,,,
,,,,,,,,,,,,,,,,,,,,,,,,,,,,,,,,,,,,Enersur,,,,,,,,,,,,,,,,,,,,
,,,,,,,,,,,,,,,,,,,,,,,,,,,,,,,,,,,,Copel,,,,,,,,,,,,,,,,,,,,
,,,,,,,,,,,,,,,,,,,,,,,,,,,,,,,,,,,,AUBASA,,,,,,,,,,,,,,,,,,,,
,,,,,,,,,,,,,,,,,,,,,,,,,,,,,,,,,,,,Vía del Sol,,,,,,,,,,,,,,,,,,,,
,,,,,,,,,,,,,,,,,,,,,,,,,,,,,,,,,,,,Semtur,,,,,,,,,,,,,,,,,,,,
,,,,,,,,,,,,,,,,,,,,,,,,,,,,,,,,,,,,Perú LNG,,,,,,,,,,,,,,,,,,,,
,,,,,,,,,,,,,,,,,,,,,,,,,,,,,,,,,,,,NaviBus; Gran Cacique Express; Conferry,,,,,,,,,,,,,,,,,,,,
,,,,,,,,,,,,,,,,,,,,,,,,,,,,,,,,,,,,COOMICRO,,,,,,,,,,,,,,,,,,,,
,,,,,,,,,,,,,,,,,,,,,,,,,,,,,,,,,,,,Instituto Ferrocarriles del Estado IFE,,,,,,,,,,,,,,,,,,,,
,,,,,,,,,,,,,,,,,,,,,,,,,,,,,,,,,,,,Iansa Avellano,,,,,,,,,,,,,,,,,,,,
,,,,,,,,,,,,,,,,,,,,,,,,,,,,,,,,,,,,Tiquin,,,,,,,,,,,,,,,,,,,,
,,,,,,,,,,,,,,,,,,,,,,,,,,,,,,,,,,,,TONCHALA,,,,,,,,,,,,,,,,,,,,
,,,,,,,,,,,,,,,,,,,,,,,,,,,,,,,,,,,,Patagonia Argentina,,,,,,,,,,,,,,,,,,,,
,,,,,,,,,,,,,,,,,,,,,,,,,,,,,,,,,,,,Expreso Los Andes,,,,,,,,,,,,,,,,,,,,
,,,,,,,,,,,,,,,,,,,,,,,,,,,,,,,,,,,,Fesub S. A.,,,,,,,,,,,,,,,,,,,,
,,,,,,,,,,,,,,,,,,,,,,,,,,,,,,,,,,,,NovaDutra,,,,,,,,,,,,,,,,,,,,
,,,,,,,,,,,,,,,,,,,,,,,,,,,,,,,,,,,,Marga,,,,,,,,,,,,,,,,,,,,
,,,,,,,,,,,,,,,,,,,,,,,,,,,,,,,,,,,,Transportes 27 de Junio S.A.C.I.F.,,,,,,,,,,,,,,,,,,,,
,,,,,,,,,,,,,,,,,,,,,,,,,,,,,,,,,,,,Cart,,,,,,,,,,,,,,,,,,,,
,,,,,,,,,,,,,,,,,,,,,,,,,,,,,,,,,,,,CBTU,,,,,,,,,,,,,,,,,,,,
,,,,,,,,,,,,,,,,,,,,,,,,,,,,,,,,,,,,Consórcio Dom Pedro II,,,,,,,,,,,,,,,,,,,,
,,,,,,,,,,,,,,,,,,,,,,,,,,,,,,,,,,,,Justinópolis Transportes,,,,,,,,,,,,,,,,,,,,
,,,,,,,,,,,,,,,,,,,,,,,,,,,,,,,,,,,,Administración de Parques Nacionales,,,,,,,,,,,,,,,,,,,,
,,,,,,,,,,,,,,,,,,,,,,,,,,,,,,,,,,,,Gobernaciòn de Vargas,,,,,,,,,,,,,,,,,,,,
,,,,,,,,,,,,,,,,,,,,,,,,,,,,,,,,,,,,Argentren S.A.,,,,,,,,,,,,,,,,,,,,
,,,,,,,,,,,,,,,,,,,,,,,,,,,,,,,,,,,,Consórcio Norte,,,,,,,,,,,,,,,,,,,,
,,,,,,,,,,,,,,,,,,,,,,,,,,,,,,,,,,,,Autobuses Santa Fe,,,,,,,,,,,,,,,,,,,,
,,,,,,,,,,,,,,,,,,,,,,,,,,,,,,,,,,,,Viação Itapetinga Ltda.,,,,,,,,,,,,,,,,,,,,
,,,,,,,,,,,,,,,,,,,,,,,,,,,,,,,,,,,,TRASAN,,,,,,,,,,,,,,,,,,,,
,,,,,,,,,,,,,,,,,,,,,,,,,,,,,,,,,,,,X,,,,,,,,,,,,,,,,,,,,
,,,,,,,,,,,,,,,,,,,,,,,,,,,,,,,,,,,,Transporte de Pasajeros General Roca SRL,,,,,,,,,,,,,,,,,,,,
,,,,,,,,,,,,,,,,,,,,,,,,,,,,,,,,,,,,Buses Ruta del Mar,,,,,,,,,,,,,,,,,,,,
,,,,,,,,,,,,,,,,,,,,,,,,,,,,,,,,,,,,YCF,,,,,,,,,,,,,,,,,,,,
,,,,,,,,,,,,,,,,,,,,,,,,,,,,,,,,,,,,Automotores Guaraní S.A.C.I.,,,,,,,,,,,,,,,,,,,,
,,,,,,,,,,,,,,,,,,,,,,,,,,,,,,,,,,,,BR,,,,,,,,,,,,,,,,,,,,
,,,,,,,,,,,,,,,,,,,,,,,,,,,,,,,,,,,,UTE-Alavear-Roca-Los Andes,,,,,,,,,,,,,,,,,,,,
,,,,,,,,,,,,,,,,,,,,,,,,,,,,,,,,,,,,Parque Nacional Galápagos,,,,,,,,,,,,,,,,,,,,
,,,,,,,,,,,,,,,,,,,,,,,,,,,,,,,,,,,,Casimiro Zbikoski S.A. - Tipoka S.A.,,,,,,,,,,,,,,,,,,,,
,,,,,,,,,,,,,,,,,,,,,,,,,,,,,,,,,,,,Sulgás,,,,,,,,,,,,,,,,,,,,
,,,,,,,,,,,,,,,,,,,,,,,,,,,,,,,,,,,,Consórcio Vaz,,,,,,,,,,,,,,,,,,,,
,,,,,,,,,,,,,,,,,,,,,,,,,,,,,,,,,,,,Companhia Paulista de Trans Metropolitanos,,,,,,,,,,,,,,,,,,,,
,,,,,,,,,,,,,,,,,,,,,,,,,,,,,,,,,,,,Fundação para Conservação e a Produção Florestal do Estado de São Paulo,,,,,,,,,,,,,,,,,,,,
,,,,,,,,,,,,,,,,,,,,,,,,,,,,,,,,,,,,Rio Jordão Papéis S.A.,,,,,,,,,,,,,,,,,,,,
,,,,,,,,,,,,,,,,,,,,,,,,,,,,,,,,,,,,Azul S.A.T.A.,,,,,,,,,,,,,,,,,,,,
,,,,,,,,,,,,,,,,,,,,,,,,,,,,,,,,,,,,TAISUR,,,,,,,,,,,,,,,,,,,,
,,,,,,,,,,,,,,,,,,,,,,,,,,,,,,,,,,,,Reunidas,,,,,,,,,,,,,,,,,,,,
,,,,,,,,,,,,,,,,,,,,,,,,,,,,,,,,,,,,Gidon,,,,,,,,,,,,,,,,,,,,
,,,,,,,,,,,,,,,,,,,,,,,,,,,,,,,,,,,,Buquebus,,,,,,,,,,,,,,,,,,,,
,,,,,,,,,,,,,,,,,,,,,,,,,,,,,,,,,,,,Consórcio Transcooper Fênix,,,,,,,,,,,,,,,,,,,,
,,,,,,,,,,,,,,,,,,,,,,,,,,,,,,,,,,,,M.O.D.O. S.A.T.A.,,,,,,,,,,,,,,,,,,,,
,,,,,,,,,,,,,,,,,,,,,,,,,,,,,,,,,,,,Santa Maria Companhia de Papel e Celulose,,,,,,,,,,,,,,,,,,,,
,,,,,,,,,,,,,,,,,,,,,,,,,,,,,,,,,,,,Empresa Ferroviaria Andina SA,,,,,,,,,,,,,,,,,,,,
,,,,,,,,,,,,,,,,,,,,,,,,,,,,,,,,,,,,Transportes Santo Antônio Ltda.,,,,,,,,,,,,,,,,,,,,
,,,,,,,,,,,,,,,,,,,,,,,,,,,,,,,,,,,,Línea D,,,,,,,,,,,,,,,,,,,,
,,,,,,,,,,,,,,,,,,,,,,,,,,,,,,,,,,,,Prefeitura Municipal de Itapiranga,,,,,,,,,,,,,,,,,,,,
,,,,,,,,,,,,,,,,,,,,,,,,,,,,,,,,,,,,Bermejo Ltda,,,,,,,,,,,,,,,,,,,,
,,,,,,,,,,,,,,,,,,,,,,,,,,,,,,,,,,,,Alpha,,,,,,,,,,,,,,,,,,,,
,,,,,,,,,,,,,,,,,,,,,,,,,,,,,,,,,,,,Marcos da Silva,,,,,,,,,,,,,,,,,,,,
,,,,,,,,,,,,,,,,,,,,,,,,,,,,,,,,,,,,LINEA 1. BUS BARINAS,,,,,,,,,,,,,,,,,,,,
,,,,,,,,,,,,,,,,,,,,,,,,,,,,,,,,,,,,Autopista Fernão Dias,,,,,,,,,,,,,,,,,,,,
,,,,,,,,,,,,,,,,,,,,,,,,,,,,,,,,,,,,El Nene,,,,,,,,,,,,,,,,,,,,
,,,,,,,,,,,,,,,,,,,,,,,,,,,,,,,,,,,,Private,,,,,,,,,,,,,,,,,,,,
,,,,,,,,,,,,,,,,,,,,,,,,,,,,,,,,,,,,UCAMS,,,,,,,,,,,,,,,,,,,,
,,,,,,,,,,,,,,,,,,,,,,,,,,,,,,,,,,,,Flota Las Lilas,,,,,,,,,,,,,,,,,,,,
,,,,,,,,,,,,,,,,,,,,,,,,,,,,,,,,,,,,Mauá,,,,,,,,,,,,,,,,,,,,
,,,,,,,,,,,,,,,,,,,,,,,,,,,,,,,,,,,,Athenas Paulista,,,,,,,,,,,,,,,,,,,,
,,,,,,,,,,,,,,,,,,,,,,,,,,,,,,,,,,,,"Santa Maria, Reunidas",,,,,,,,,,,,,,,,,,,,
,,,,,,,,,,,,,,,,,,,,,,,,,,,,,,,,,,,,UEFER (Unidad Ejecutora Ferroviaria de Entre Ríos),,,,,,,,,,,,,,,,,,,,
,,,,,,,,,,,,,,,,,,,,,,,,,,,,,,,,,,,,Transol,,,,,,,,,,,,,,,,,,,,
,,,,,,,,,,,,,,,,,,,,,,,,,,,,,,,,,,,,EMBASA,,,,,,,,,,,,,,,,,,,,
,,,,,,,,,,,,,,,,,,,,,,,,,,,,,,,,,,,,Rodoviária Santa Rita,,,,,,,,,,,,,,,,,,,,
,,,,,,,,,,,,,,,,,,,,,,,,,,,,,,,,,,,,UTE,,,,,,,,,,,,,,,,,,,,
,,,,,,,,,,,,,,,,,,,,,,,,,,,,,,,,,,,,Consórcio Autho Pam,,,,,,,,,,,,,,,,,,,,
,,,,,,,,,,,,,,,,,,,,,,,,,,,,,,,,,,,,San Cristóbal-TESA,,,,,,,,,,,,,,,,,,,,
,,,,,,,,,,,,,,,,,,,,,,,,,,,,,,,,,,,,Pesqueiro São José,,,,,,,,,,,,,,,,,,,,
,,,,,,,,,,,,,,,,,,,,,,,,,,,,,,,,,,,,EVGSA,,,,,,,,,,,,,,,,,,,,
,,,,,,,,,,,,,,,,,,,,,,,,,,,,,,,,,,,,Colégio Logosófico,,,,,,,,,,,,,,,,,,,,
,,,,,,,,,,,,,,,,,,,,,,,,,,,,,,,,,,,,Transcol,,,,,,,,,,,,,,,,,,,,
,,,,,,,,,,,,,,,,,,,,,,,,,,,,,,,,,,,,Jaguar Transportes Urbanos,,,,,,,,,,,,,,,,,,,,
,,,,,,,,,,,,,,,,,,,,,,,,,,,,,,,,,,,,Dnit,,,,,,,,,,,,,,,,,,,,
,,,,,,,,,,,,,,,,,,,,,,,,,,,,,,,,,,,,EL INTER S.R.L.,,,,,,,,,,,,,,,,,,,,
,,,,,,,,,,,,,,,,,,,,,,,,,,,,,,,,,,,,Petrobrás,,,,,,,,,,,,,,,,,,,,
,,,,,,,,,,,,,,,,,,,,,,,,,,,,,,,,,,,,CatSul,,,,,,,,,,,,,,,,,,,,
,,,,,,,,,,,,,,,,,,,,,,,,,,,,,,,,,,,,BONAVITA I,,,,,,,,,,,,,,,,,,,,
,,,,,,,,,,,,,,,,,,,,,,,,,,,,,,,,,,,,Breda Rio,,,,,,,,,,,,,,,,,,,,
,,,,,,,,,,,,,,,,,,,,,,,,,,,,,,,,,,,,Provincia de Catamarca,,,,,,,,,,,,,,,,,,,,
,,,,,,,,,,,,,,,,,,,,,,,,,,,,,,,,,,,,TRANSPORTE  GUARANI S.R.L.,,,,,,,,,,,,,,,,,,,,
,,,,,,,,,,,,,,,,,,,,,,,,,,,,,,,,,,,,Celesc,,,,,,,,,,,,,,,,,,,,
,,,,,,,,,,,,,,,,,,,,,,,,,,,,,,,,,,,,SBCtrans,,,,,,,,,,,,,,,,,,,,
,,,,,,,,,,,,,,,,,,,,,,,,,,,,,,,,,,,,Compagnie Polynésienne de Transport Maritime,,,,,,,,,,,,,,,,,,,,
,,,,,,,,,,,,,,,,,,,,,,,,,,,,,,,,,,,,Consórcio Plus,,,,,,,,,,,,,,,,,,,,
,,,,,,,,,,,,,,,,,,,,,,,,,,,,,,,,,,,,Rodovia das Cataratas S/A,,,,,,,,,,,,,,,,,,,,
,,,,,,,,,,,,,,,,,,,,,,,,,,,,,,,,,,,,UTE - El Trapiche - Los Andes,,,,,,,,,,,,,,,,,,,,
,,,,,,,,,,,,,,,,,,,,,,,,,,,,,,,,,,,,Prefeitura de Socorro,,,,,,,,,,,,,,,,,,,,
,,,,,,,,,,,,,,,,,,,,,,,,,,,,,,,,,,,,ETCSBC,,,,,,,,,,,,,,,,,,,,
,,,,,,,,,,,,,,,,,,,,,,,,,,,,,,,,,,,,VIP Transportes Urbanos,,,,,,,,,,,,,,,,,,,,
,,,,,,,,,,,,,,,,,,,,,,,,,,,,,,,,,,,,Litoral Rio,,,,,,,,,,,,,,,,,,,,
,,,,,,,,,,,,,,,,,,,,,,,,,,,,,,,,,,,,Empresa Jesus Maria,,,,,,,,,,,,,,,,,,,,
,,,,,,,,,,,,,,,,,,,,,,,,,,,,,,,,,,,,Auto Lotação Ingá,,,,,,,,,,,,,,,,,,,,
,,,,,,,,,,,,,,,,,,,,,,,,,,,,,,,,,,,,Mobi Brasil,,,,,,,,,,,,,,,,,,,,
,,,,,,,,,,,,,,,,,,,,,,,,,,,,,,,,,,,,Doradas Bus,,,,,,,,,,,,,,,,,,,,
,,,,,,,,,,,,,,,,,,,,,,,,,,,,,,,,,,,,Petrobras,,,,,,,,,,,,,,,,,,,,
,,,,,,,,,,,,,,,,,,,,,,,,,,,,,,,,,,,,Gasocidente,,,,,,,,,,,,,,,,,,,,
,,,,,,,,,,,,,,,,,,,,,,,,,,,,,,,,,,,,EDF,,,,,,,,,,,,,,,,,,,,
,,,,,,,,,,,,,,,,,,,,,,,,,,,,,,,,,,,,São José,,,,,,,,,,,,,,,,,,,,
,,,,,,,,,,,,,,,,,,,,,,,,,,,,,,,,,,,,LINEA 2. BUS BARINAS,,,,,,,,,,,,,,,,,,,,
,,,,,,,,,,,,,,,,,,,,,,,,,,,,,,,,,,,,Cooperativa Agroindustrial Alfa,,,,,,,,,,,,,,,,,,,,
,,,,,,,,,,,,,,,,,,,,,,,,,,,,,,,,,,,,Santa Maria,,,,,,,,,,,,,,,,,,,,
,,,,,,,,,,,,,,,,,,,,,,,,,,,,,,,,,,,,CESOP,,,,,,,,,,,,,,,,,,,,
,,,,,,,,,,,,,,,,,,,,,,,,,,,,,,,,,,,,Transcooper - Cooperativa de Transporte de Pessoas e Cargas da Região Sudeste,,,,,,,,,,,,,,,,,,,,
,,,,,,,,,,,,,,,,,,,,,,,,,,,,,,,,,,,,Invias,,,,,,,,,,,,,,,,,,,,
,,,,,,,,,,,,,,,,,,,,,,,,,,,,,,,,,,,,Transportes La Perlita S.A.,,,,,,,,,,,,,,,,,,,,
,,,,,,,,,,,,,,,,,,,,,,,,,,,,,,,,,,,,Capital del Monte,,,,,,,,,,,,,,,,,,,,
,,,,,,,,,,,,,,,,,,,,,,,,,,,,,,,,,,,,Empresa Ferroviaria Andina S.A.,,,,,,,,,,,,,,,,,,,,
,,,,,,,,,,,,,,,,,,,,,,,,,,,,,,,,,,,,São Jorge,,,,,,,,,,,,,,,,,,,,
,,,,,,,,,,,,,,,,,,,,,,,,,,,,,,,,,,,,Línea 203,,,,,,,,,,,,,,,,,,,,
,,,,,,,,,,,,,,,,,,,,,,,,,,,,,,,,,,,,Aguas de Niterói,,,,,,,,,,,,,,,,,,,,
,,,,,,,,,,,,,,,,,,,,,,,,,,,,,,,,,,,,Transmilenio,,,,,,,,,,,,,,,,,,,,
,,,,,,,,,,,,,,,,,,,,,,,,,,,,,,,,,,,,Expresso Mangaratiba,,,,,,,,,,,,,,,,,,,,
,,,,,,,,,,,,,,,,,,,,,,,,,,,,,,,,,,,,Empresa Línea 216 S.A.T.,,,,,,,,,,,,,,,,,,,,
,,,,,,,,,,,,,,,,,,,,,,,,,,,,,,,,,,,,Silva Transportes Ltda,,,,,,,,,,,,,,,,,,,,
,,,,,,,,,,,,,,,,,,,,,,,,,,,,,,,,,,,,CTS,,,,,,,,,,,,,,,,,,,,
,,,,,,,,,,,,,,,,,,,,,,,,,,,,,,,,,,,,Cooperativa de transportes Chambo,,,,,,,,,,,,,,,,,,,,
,,,,,,,,,,,,,,,,,,,,,,,,,,,,,,,,,,,,CCR,,,,,,,,,,,,,,,,,,,,
,,,,,,,,,,,,,,,,,,,,,,,,,,,,,,,,,,,,VIMSA,,,,,,,,,,,,,,,,,,,,
,,,,,,,,,,,,,,,,,,,,,,,,,,,,,,,,,,,,Provinicia de Buenos Aires,,,,,,,,,,,,,,,,,,,,
,,,,,,,,,,,,,,,,,,,,,,,,,,,,,,,,,,,,Passaredo,,,,,,,,,,,,,,,,,,,,
,,,,,,,,,,,,,,,,,,,,,,,,,,,,,,,,,,,,Via Sul,,,,,,,,,,,,,,,,,,,,
,,,,,,,,,,,,,,,,,,,,,,,,,,,,,,,,,,,,"Consórcio Bayeux (Wilson, Almeida, Das Graças)",,,,,,,,,,,,,,,,,,,,
,,,,,,,,,,,,,,,,,,,,,,,,,,,,,,,,,,,,Metropolitana,,,,,,,,,,,,,,,,,,,,
,,,,,,,,,,,,,,,,,,,,,,,,,,,,,,,,,,,,União,,,,,,,,,,,,,,,,,,,,
,,,,,,,,,,,,,,,,,,,,,,,,,,,,,,,,,,,,Autovias,,,,,,,,,,,,,,,,,,,,
,,,,,,,,,,,,,,,,,,,,,,,,,,,,,,,,,,,,Emergencial 1,,,,,,,,,,,,,,,,,,,,
,,,,,,,,,,,,,,,,,,,,,,,,,,,,,,,,,,,,SEMAPA,,,,,,,,,,,,,,,,,,,,
,,,,,,,,,,,,,,,,,,,,,,,,,,,,,,,,,,,,Ferroviaria Oriental S.A.,,,,,,,,,,,,,,,,,,,,
,,,,,,,,,,,,,,,,,,,,,,,,,,,,,,,,,,,,STS,,,,,,,,,,,,,,,,,,,,
,,,,,,,,,,,,,,,,,,,,,,,,,,,,,,,,,,,,Consórcio Pampulha,,,,,,,,,,,,,,,,,,,,
,,,,,,,,,,,,,,,,,,,,,,,,,,,,,,,,,,,,Real Auto Ônibus Ltda.,,,,,,,,,,,,,,,,,,,,
,,,,,,,,,,,,,,,,,,,,,,,,,,,,,,,,,,,,Sorriso de Toledo,,,,,,,,,,,,,,,,,,,,
,,,,,,,,,,,,,,,,,,,,,,,,,,,,,,,,,,,,Instituto Estadual de Meio Ambiente e Recursos Hídricos do Espírito Santo,,,,,,,,,,,,,,,,,,,,
,,,,,,,,,,,,,,,,,,,,,,,,,,,,,,,,,,,,Bolivariano,,,,,,,,,,,,,,,,,,,,
,,,,,,,,,,,,,,,,,,,,,,,,,,,,,,,,,,,,Viação Nossa Senhora do Amparo,,,,,,,,,,,,,,,,,,,,
,,,,,,,,,,,,,,,,,,,,,,,,,,,,,,,,,,,,Companhia Paulista de Trens Metropolitanos,,,,,,,,,,,,,,,,,,,,
,,,,,,,,,,,,,,,,,,,,,,,,,,,,,,,,,,,,Trasmetro SAS,,,,,,,,,,,,,,,,,,,,
,,,,,,,,,,,,,,,,,,,,,,,,,,,,,,,,,,,,Expresso Nossa Senhora das Dores Ltda,,,,,,,,,,,,,,,,,,,,
,,,,,,,,,,,,,,,,,,,,,,,,,,,,,,,,,,,,Empresa Bernardino Rivadavia S.A.T.A.,,,,,,,,,,,,,,,,,,,,
,,,,,,,,,,,,,,,,,,,,,,,,,,,,,,,,,,,,Vanguardia SA,,,,,,,,,,,,,,,,,,,,
,,,,,,,,,,,,,,,,,,,,,,,,,,,,,,,,,,,,El 22 SRL,,,,,,,,,,,,,,,,,,,,
,,,,,,,,,,,,,,,,,,,,,,,,,,,,,,,,,,,,Transportadora Brasileira Gasoduto Bolívia-Brasil,,,,,,,,,,,,,,,,,,,,
,,,,,,,,,,,,,,,,,,,,,,,,,,,,,,,,,,,,S.A. Transporte Ciudad de Río Cuarto,,,,,,,,,,,,,,,,,,,,
,,,,,,,,,,,,,,,,,,,,,,,,,,,,,,,,,,,,Rio Ita,,,,,,,,,,,,,,,,,,,,
,,,,,,,,,,,,,,,,,,,,,,,,,,,,,,,,,,,,Vale,,,,,,,,,,,,,,,,,,,,
,,,,,,,,,,,,,,,,,,,,,,,,,,,,,,,,,,,,El Plumerillo S.A.,,,,,,,,,,,,,,,,,,,,
,,,,,,,,,,,,,,,,,,,,,,,,,,,,,,,,,,,,AUTO VIAÇÃO ABC LTDA,,,,,,,,,,,,,,,,,,,,
,,,,,,,,,,,,,,,,,,,,,,,,,,,,,,,,,,,,Eletrobras,,,,,,,,,,,,,,,,,,,,
,,,,,,,,,,,,,,,,,,,,,,,,,,,,,,,,,,,,UFSM,,,,,,,,,,,,,,,,,,,,
,,,,,,,,,,,,,,,,,,,,,,,,,,,,,,,,,,,,Metbus S.A.,,,,,,,,,,,,,,,,,,,,
,,,,,,,,,,,,,,,,,,,,,,,,,,,,,,,,,,,,Brasão,,,,,,,,,,,,,,,,,,,,
,,,,,,,,,,,,,,,,,,,,,,,,,,,,,,,,,,,,Expresso Santa Luzia,,,,,,,,,,,,,,,,,,,,
,,,,,,,,,,,,,,,,,,,,,,,,,,,,,,,,,,,,Consórcio Guaicurus,,,,,,,,,,,,,,,,,,,,
,,,,,,,,,,,,,,,,,,,,,,,,,,,,,,,,,,,,Globo;Pedrosa,,,,,,,,,,,,,,,,,,,,
,,,,,,,,,,,,,,,,,,,,,,,,,,,,,,,,,,,,Nuevos Rumbos S.A.,,,,,,,,,,,,,,,,,,,,
,,,,,,,,,,,,,,,,,,,,,,,,,,,,,,,,,,,,CTA,,,,,,,,,,,,,,,,,,,,
,,,,,,,,,,,,,,,,,,,,,,,,,,,,,,,,,,,,Cootransbar,,,,,,,,,,,,,,,,,,,,
,,,,,,,,,,,,,,,,,,,,,,,,,,,,,,,,,,,,Empresa Provincial de Transporte de Mendoza (EPTM),,,,,,,,,,,,,,,,,,,,
,,,,,,,,,,,,,,,,,,,,,,,,,,,,,,,,,,,,MIO,,,,,,,,,,,,,,,,,,,,
,,,,,,,,,,,,,,,,,,,,,,,,,,,,,,,,,,,,Big,,,,,,,,,,,,,,,,,,,,
,,,,,,,,,,,,,,,,,,,,,,,,,,,,,,,,,,,,Ruta del Mar,,,,,,,,,,,,,,,,,,,,
,,,,,,,,,,,,,,,,,,,,,,,,,,,,,,,,,,,,Provincia de Buenos Aires,,,,,,,,,,,,,,,,,,,,
,,,,,,,,,,,,,,,,,,,,,,,,,,,,,,,,,,,,Cooperativa Sportman - La Unión,,,,,,,,,,,,,,,,,,,,
,,,,,,,,,,,,,,,,,,,,,,,,,,,,,,,,,,,,SITP,,,,,,,,,,,,,,,,,,,,
,,,,,,,,,,,,,,,,,,,,,,,,,,,,,,,,,,,,CLN,,,,,,,,,,,,,,,,,,,,
,,,,,,,,,,,,,,,,,,,,,,,,,,,,,,,,,,,,La Nueva Perla,,,,,,,,,,,,,,,,,,,,
,,,,,,,,,,,,,,,,,,,,,,,,,,,,,,,,,,,,Metropolitana S.A.,,,,,,,,,,,,,,,,,,,,
,,,,,,,,,,,,,,,,,,,,,,,,,,,,,,,,,,,,Línea 209,,,,,,,,,,,,,,,,,,,,
,,,,,,,,,,,,,,,,,,,,,,,,,,,,,,,,,,,,SBCTrans,,,,,,,,,,,,,,,,,,,,
,,,,,,,,,,,,,,,,,,,,,,,,,,,,,,,,,,,,Libertador Metropolitana S.A.,,,,,,,,,,,,,,,,,,,,
,,,,,,,,,,,,,,,,,,,,,,,,,,,,,,,,,,,,ABC,,,,,,,,,,,,,,,,,,,,
,,,,,,,,,,,,,,,,,,,,,,,,,,,,,,,,,,,,Expresos Chiguayante,,,,,,,,,,,,,,,,,,,,
,,,,,,,,,,,,,,,,,,,,,,,,,,,,,,,,,,,,Independencia Metropolitana S.A.,,,,,,,,,,,,,,,,,,,,
,,,,,,,,,,,,,,,,,,,,,,,,,,,,,,,,,,,,TransMilenio,,,,,,,,,,,,,,,,,,,,
,,,,,,,,,,,,,,,,,,,,,,,,,,,,,,,,,,,,Mandacaruense;São Jorge,,,,,,,,,,,,,,,,,,,,
,,,,,,,,,,,,,,,,,,,,,,,,,,,,,,,,,,,,Coop. Calderon,,,,,,,,,,,,,,,,,,,,
,,,,,,,,,,,,,,,,,,,,,,,,,,,,,,,,,,,,Las Galaxias,,,,,,,,,,,,,,,,,,,,
,,,,,,,,,,,,,,,,,,,,,,,,,,,,,,,,,,,,Inversiones Alsacia S.A.,,,,,,,,,,,,,,,,,,,,
,,,,,,,,,,,,,,,,,,,,,,,,,,,,,,,,,,,,Nossa Senhora das Graças,,,,,,,,,,,,,,,,,,,,
,,,,,,,,,,,,,,,,,,,,,,,,,,,,,,,,,,,,Línea 260,,,,,,,,,,,,,,,,,,,,
,,,,,,,,,,,,,,,,,,,,,,,,,,,,,,,,,,,,Compañia Noroeste S.A.T.,,,,,,,,,,,,,,,,,,,,
,,,,,,,,,,,,,,,,,,,,,,,,,,,,,,,,,,,,Singer,,,,,,,,,,,,,,,,,,,,
,,,,,,,,,,,,,,,,,,,,,,,,,,,,,,,,,,,,ViaOuro,,,,,,,,,,,,,,,,,,,,
,,,,,,,,,,,,,,,,,,,,,,,,,,,,,,,,,,,,Expresso Azul,,,,,,,,,,,,,,,,,,,,
,,,,,,,,,,,,,,,,,,,,,,,,,,,,,,,,,,,,Nueva Sotrapel,,,,,,,,,,,,,,,,,,,,
,,,,,,,,,,,,,,,,,,,,,,,,,,,,,,,,,,,,FCA - Ferrovia Centro Atlântica,,,,,,,,,,,,,,,,,,,,
,,,,,,,,,,,,,,,,,,,,,,,,,,,,,,,,,,,,Ferrobaires,,,,,,,,,,,,,,,,,,,,
,,,,,,,,,,,,,,,,,,,,,,,,,,,,,,,,,,,,CERT - Centrais Elétricas Rio Tigre S.A.,,,,,,,,,,,,,,,,,,,,
,,,,,,,,,,,,,,,,,,,,,,,,,,,,,,,,,,,,Santa Catarina Transportes Ltda,,,,,,,,,,,,,,,,,,,,
,,,,,,,,,,,,,,,,,,,,,,,,,,,,,,,,,,,,Deinfra,,,,,,,,,,,,,,,,,,,,
,,,,,,,,,,,,,,,,,,,,,,,,,,,,,,,,,,,,Arteris,,,,,,,,,,,,,,,,,,,,
,,,,,,,,,,,,,,,,,,,,,,,,,,,,,,,,,,,,El Cacique S.A.,,,,,,,,,,,,,,,,,,,,
,,,,,,,,,,,,,,,,,,,,,,,,,,,,,,,,,,,,Mobibrasil,,,,,,,,,,,,,,,,,,,,
,,,,,,,,,,,,,,,,,,,,,,,,,,,,,,,,,,,,Buses Machalí,,,,,,,,,,,,,,,,,,,,
,,,,,,,,,,,,,,,,,,,,,,,,,,,,,,,,,,,,Corporación Nacional Forestal,,,,,,,,,,,,,,,,,,,,
,,,,,,,,,,,,,,,,,,,,,,,,,,,,,,,,,,,,Buses Vule S.A.,,,,,,,,,,,,,,,,,,,,
,,,,,,,,,,,,,,,,,,,,,,,,,,,,,,,,,,,,Empresa Transporte Automotor Plaza S.A.C. e I.,,,,,,,,,,,,,,,,,,,,
,,,,,,,,,,,,,,,,,,,,,,,,,,,,,,,,,,,,Viação Cidade Morena,,,,,,,,,,,,,,,,,,,,
,,,,,,,,,,,,,,,,,,,,,,,,,,,,,,,,,,,,The New Island Conservation Trust,,,,,,,,,,,,,,,,,,,,
,,,,,,,,,,,,,,,,,,,,,,,,,,,,,,,,,,,,2,,,,,,,,,,,,,,,,,,,,
,,,,,,,,,,,,,,,,,,,,,,,,,,,,,,,,,,,,Gobernación del Estado Vargas,,,,,,,,,,,,,,,,,,,,
,,,,,,,,,,,,,,,,,,,,,,,,,,,,,,,,,,,,SEMA,,,,,,,,,,,,,,,,,,,,
,,,,,,,,,,,,,,,,,,,,,,,,,,,,,,,,,,,,Lemos y Rodríguez S.A.,,,,,,,,,,,,,,,,,,,,
,,,,,,,,,,,,,,,,,,,,,,,,,,,,,,,,,,,,Faol,,,,,,,,,,,,,,,,,,,,
,,,,,,,,,,,,,,,,,,,,,,,,,,,,,,,,,,,,Biobús,,,,,,,,,,,,,,,,,,,,
,,,,,,,,,,,,,,,,,,,,,,,,,,,,,,,,,,,,Monticas - Las Rosas,,,,,,,,,,,,,,,,,,,,
,,,,,,,,,,,,,,,,,,,,,,,,,,,,,,,,,,,,Transkuba,,,,,,,,,,,,,,,,,,,,
,,,,,,,,,,,,,,,,,,,,,,,,,,,,,,,,,,,,Transportes São Silvestre,,,,,,,,,,,,,,,,,,,,
,,,,,,,,,,,,,,,,,,,,,,,,,,,,,,,,,,,,METRA,,,,,,,,,,,,,,,,,,,,
,,,,,,,,,,,,,,,,,,,,,,,,,,,,,,,,,,,,RIACHO GRANDE,,,,,,,,,,,,,,,,,,,,
,,,,,,,,,,,,,,,,,,,,,,,,,,,,,,,,,,,,Ferrovia Centro-Atlântica,,,,,,,,,,,,,,,,,,,,
,,,,,,,,,,,,,,,,,,,,,,,,,,,,,,,,,,,,Viação Sandra,,,,,,,,,,,,,,,,,,,,
,,,,,,,,,,,,,,,,,,,,,,,,,,,,,,,,,,,,Transppass,,,,,,,,,,,,,,,,,,,,
,,,,,,,,,,,,,,,,,,,,,,,,,,,,,,,,,,,,Mi Expreso,,,,,,,,,,,,,,,,,,,,
,,,,,,,,,,,,,,,,,,,,,,,,,,,,,,,,,,,,La Perlita S.A.,,,,,,,,,,,,,,,,,,,,
,,,,,,,,,,,,,,,,,,,,,,,,,,,,,,,,,,,,Consórcio Sul,,,,,,,,,,,,,,,,,,,,
,,,,,,,,,,,,,,,,,,,,,,,,,,,,,,,,,,,,EFVM,,,,,,,,,,,,,,,,,,,,
,,,,,,,,,,,,,,,,,,,,,,,,,,,,,,,,,,,,Epresa Albardón,,,,,,,,,,,,,,,,,,,,
,,,,,,,,,,,,,,,,,,,,,,,,,,,,,,,,,,,,Línea 207,,,,,,,,,,,,,,,,,,,,
,,,,,,,,,,,,,,,,,,,,,,,,,,,,,,,,,,,,ViaRondon,,,,,,,,,,,,,,,,,,,,
,,,,,,,,,,,,,,,,,,,,,,,,,,,,,,,,,,,,Grupo Votorantim,,,,,,,,,,,,,,,,,,,,
,,,,,,,,,,,,,,,,,,,,,,,,,,,,,,,,,,,,Masivo Capital SAS,,,,,,,,,,,,,,,,,,,,
,,,,,,,,,,,,,,,,,,,,,,,,,,,,,,,,,,,,Cal Tur - Chaltén Travel,,,,,,,,,,,,,,,,,,,,
,,,,,,,,,,,,,,,,,,,,,,,,,,,,,,,,,,,,LAMBARE S.A.,,,,,,,,,,,,,,,,,,,,
,,,,,,,,,,,,,,,,,,,,,,,,,,,,,,,,,,,,Sulgás - Companhia de Gás do Estado do Rio Grande do Sul,,,,,,,,,,,,,,,,,,,,
,,,,,,,,,,,,,,,,,,,,,,,,,,,,,,,,,,,,BR Foods,,,,,,,,,,,,,,,,,,,,
,,,,,,,,,,,,,,,,,,,,,,,,,,,,,,,,,,,,Ingá,,,,,,,,,,,,,,,,,,,,
,,,,,,,,,,,,,,,,,,,,,,,,,,,,,,,,,,,,SAN AGUSTIN,,,,,,,,,,,,,,,,,,,,
,,,,,,,,,,,,,,,,,,,,,,,,,,,,,,,,,,,,Línea 217,,,,,,,,,,,,,,,,,,,,
,,,,,,,,,,,,,,,,,,,,,,,,,,,,,,,,,,,,SITSSA,,,,,,,,,,,,,,,,,,,,
,,,,,,,,,,,,,,,,,,,,,,,,,,,,,,,,,,,,Norte,,,,,,,,,,,,,,,,,,,,
,,,,,,,,,,,,,,,,,,,,,,,,,,,,,,,,,,,,Consórcio Aliança Cooperpeople,,,,,,,,,,,,,,,,,,,,
,,,,,,,,,,,,,,,,,,,,,,,,,,,,,,,,,,,,Corredores Ferroviarios S.A.,,,,,,,,,,,,,,,,,,,,
,,,,,,,,,,,,,,,,,,,,,,,,,,,,,,,,,,,,Consórcio Intersul - Real Auto Ônibus Ltda.,,,,,,,,,,,,,,,,,,,,
,,,,,,,,,,,,,,,,,,,,,,,,,,,,,,,,,,,,EIR6,,,,,,,,,,,,,,,,,,,,
,,,,,,,,,,,,,,,,,,,,,,,,,,,,,,,,,,,,Metro de Santiago,,,,,,,,,,,,,,,,,,,,
,,,,,,,,,,,,,,,,,,,,,,,,,,,,,,,,,,,,IFSC,,,,,,,,,,,,,,,,,,,,
,,,,,,,,,,,,,,,,,,,,,,,,,,,,,,,,,,,,VSFL,,,,,,,,,,,,,,,,,,,,
,,,,,,,,,,,,,,,,,,,,,,,,,,,,,,,,,,,,EPE,,,,,,,,,,,,,,,,,,,,
,,,,,,,,,,,,,,,,,,,,,,,,,,,,,,,,,,,,Nascentes das Gerais,,,,,,,,,,,,,,,,,,,,
,,,,,,,,,,,,,,,,,,,,,,,,,,,,,,,,,,,,Econorte,,,,,,,,,,,,,,,,,,,,
,,,,,,,,,,,,,,,,,,,,,,,,,,,,,,,,,,,,CEMIG,,,,,,,,,,,,,,,,,,,,
,,,,,,,,,,,,,,,,,,,,,,,,,,,,,,,,,,,,Tromerca,,,,,,,,,,,,,,,,,,,,
,,,,,,,,,,,,,,,,,,,,,,,,,,,,,,,,,,,,Las Lengas,,,,,,,,,,,,,,,,,,,,
,,,,,,,,,,,,,,,,,,,,,,,,,,,,,,,,,,,,Ko-Ko S.R.L.,,,,,,,,,,,,,,,,,,,,
,,,,,,,,,,,,,,,,,,,,,,,,,,,,,,,,,,,,Fundação Nacional do Índio,,,,,,,,,,,,,,,,,,,,
,,,,,,,,,,,,,,,,,,,,,,,,,,,,,,,,,,,,Coop. Jolumbo,,,,,,,,,,,,,,,,,,,,
,,,,,,,,,,,,,,,,,,,,,,,,,,,,,,,,,,,,Línea 213 S.A.T.,,,,,,,,,,,,,,,,,,,,
,,,,,,,,,,,,,,,,,,,,,,,,,,,,,,,,,,,,Taqsa - Cal Tur - Clamajucar - Interlagos - Los Glaciares - Calafate Transfers,,,,,,,,,,,,,,,,,,,,
,,,,,,,,,,,,,,,,,,,,,,,,,,,,,,,,,,,,Bahía SRL,,,,,,,,,,,,,,,,,,,,
,,,,,,,,,,,,,,,,,,,,,,,,,,,,,,,,,,,,Mi Teleférico,,,,,,,,,,,,,,,,,,,,
,,,,,,,,,,,,,,,,,,,,,,,,,,,,,,,,,,,,ViaSul,,,,,,,,,,,,,,,,,,,,
,,,,,,,,,,,,,,,,,,,,,,,,,,,,,,,,,,,,CENTRAL,,,,,,,,,,,,,,,,,,,,
,,,,,,,,,,,,,,,,,,,,,,,,,,,,,,,,,,,,Cometa,,,,,,,,,,,,,,,,,,,,
,,,,,,,,,,,,,,,,,,,,,,,,,,,,,,,,,,,,DER,,,,,,,,,,,,,,,,,,,,
,,,,,,,,,,,,,,,,,,,,,,,,,,,,,,,,,,,,Administracion de Parques Nacionales,,,,,,,,,,,,,,,,,,,,
,,,,,,,,,,,,,,,,,,,,,,,,,,,,,,,,,,,,Colégio Santa Rita,,,,,,,,,,,,,,,,,,,,
,,,,,,,,,,,,,,,,,,,,,,,,,,,,,,,,,,,,Taqsa - Marga,,,,,,,,,,,,,,,,,,,,
,,,,,,,,,,,,,,,,,,,,,,,,,,,,,,,,,,,,Empresa Tandilense S.A.,,,,,,,,,,,,,,,,,,,,
,,,,,,,,,,,,,,,,,,,,,,,,,,,,,,,,,,,,Transporte Diadema,,,,,,,,,,,,,,,,,,,,
,,,,,,,,,,,,,,,,,,,,,,,,,,,,,,,,,,,,VIP,,,,,,,,,,,,,,,,,,,,
,,,,,,,,,,,,,,,,,,,,,,,,,,,,,,,,,,,,PDVSA,,,,,,,,,,,,,,,,,,,,
,,,,,,,,,,,,,,,,,,,,,,,,,,,,,,,,,,,,1001,,,,,,,,,,,,,,,,,,,,
,,,,,,,,,,,,,,,,,,,,,,,,,,,,,,,,,,,,Unicoopers,,,,,,,,,,,,,,,,,,,,
,,,,,,,,,,,,,,,,,,,,,,,,,,,,,,,,,,,,Transbordadores Austral Broom S.A.,,,,,,,,,,,,,,,,,,,,
,,,,,,,,,,,,,,,,,,,,,,,,,,,,,,,,,,,,Transnacional,,,,,,,,,,,,,,,,,,,,
,,,,,,,,,,,,,,,,,,,,,,,,,,,,,,,,,,,,Municipalidad de El Calafate,,,,,,,,,,,,,,,,,,,,
,,,,,,,,,,,,,,,,,,,,,,,,,,,,,,,,,,,,Nuevo Bus SRL,,,,,,,,,,,,,,,,,,,,
,,,,,,,,,,,,,,,,,,,,,,,,,,,,,,,,,,,,Riviera Bio Bío,,,,,,,,,,,,,,,,,,,,
,,,,,,,,,,,,,,,,,,,,,,,,,,,,,,,,,,,,Cooperativa Sportman,,,,,,,,,,,,,,,,,,,,
,,,,,,,,,,,,,,,,,,,,,,,,,,,,,,,,,,,,UGOFE S.A.,,,,,,,,,,,,,,,,,,,,
,,,,,,,,,,,,,,,,,,,,,,,,,,,,,,,,,,,,Expresso SBC,,,,,,,,,,,,,,,,,,,,
,,,,,,,,,,,,,,,,,,,,,,,,,,,,,,,,,,,,Celetro,,,,,,,,,,,,,,,,,,,,
,,,,,,,,,,,,,,,,,,,,,,,,,,,,,,,,,,,,Tractebel Energia,,,,,,,,,,,,,,,,,,,,
,,,,,,,,,,,,,,,,,,,,,,,,,,,,,,,,,,,,Canasvieiras,,,,,,,,,,,,,,,,,,,,
,,,,,,,,,,,,,,,,,,,,,,,,,,,,,,,,,,,,Lambare SA,,,,,,,,,,,,,,,,,,,,
,,,,,,,,,,,,,,,,,,,,,,,,,,,,,,,,,,,,Piracicabana,,,,,,,,,,,,,,,,,,,,
,,,,,,,,,,,,,,,,,,,,,,,,,,,,,,,,,,,,Central,,,,,,,,,,,,,,,,,,,,
,,,,,,,,,,,,,,,,,,,,,,,,,,,,,,,,,,,,Consórcio Unisul,,,,,,,,,,,,,,,,,,,,
,,,,,,,,,,,,,,,,,,,,,,,,,,,,,,,,,,,,McDonald's,,,,,,,,,,,,,,,,,,,,
,,,,,,,,,,,,,,,,,,,,,,,,,,,,,,,,,,,,República del Ecuador,,,,,,,,,,,,,,,,,,,,
,,,,,,,,,,,,,,,,,,,,,,,,,,,,,,,,,,,,Rengo Lientur,,,,,,,,,,,,,,,,,,,,
,,,,,,,,,,,,,,,,,,,,,,,,,,,,,,,,,,,,Progresso,,,,,,,,,,,,,,,,,,,,
,,,,,,,,,,,,,,,,,,,,,,,,,,,,,,,,,,,,Gidion/Transtusa,,,,,,,,,,,,,,,,,,,,
,,,,,,,,,,,,,,,,,,,,,,,,,,,,,,,,,,,,CIUDAD DE GUARAMBARE S.R.L.,,,,,,,,,,,,,,,,,,,,
,,,,,,,,,,,,,,,,,,,,,,,,,,,,,,,,,,,,Empresa Lemos & Rodríguez S.A.,,,,,,,,,,,,,,,,,,,,
,,,,,,,,,,,,,,,,,,,,,,,,,,,,,,,,,,,,Zona Sul Strip Center,,,,,,,,,,,,,,,,,,,,
,,,,,,,,,,,,,,,,,,,,,,,,,,,,,,,,,,,,Viação Canarinho,,,,,,,,,,,,,,,,,,,,
,,,,,,,,,,,,,,,,,,,,,,,,,,,,,,,,,,,,Metro de Caracas C.A,,,,,,,,,,,,,,,,,,,,
,,,,,,,,,,,,,,,,,,,,,,,,,,,,,,,,,,,,SETRAM,,,,,,,,,,,,,,,,,,,,
,,,,,,,,,,,,,,,,,,,,,,,,,,,,,,,,,,,,Transporte Las Grutas,,,,,,,,,,,,,,,,,,,,
,,,,,,,,,,,,,,,,,,,,,,,,,,,,,,,,,,,,SIM,,,,,,,,,,,,,,,,,,,,
,,,,,,,,,,,,,,,,,,,,,,,,,,,,,,,,,,,,Gidion,,,,,,,,,,,,,,,,,,,,
,,,,,,,,,,,,,,,,,,,,,,,,,,,,,,,,,,,,Condominio Residencial Prime,,,,,,,,,,,,,,,,,,,,
,,,,,,,,,,,,,,,,,,,,,,,,,,,,,,,,,,,,Expreso Colonia,,,,,,,,,,,,,,,,,,,,
,,,,,,,,,,,,,,,,,,,,,,,,,,,,,,,,,,,,Autopistas del Sol,,,,,,,,,,,,,,,,,,,,
,,,,,,,,,,,,,,,,,,,,,,,,,,,,,,,,,,,,GADLP,,,,,,,,,,,,,,,,,,,,
,,,,,,,,,,,,,,,,,,,,,,,,,,,,,,,,,,,,Tubería Abocol,,,,,,,,,,,,,,,,,,,,
,,,,,,,,,,,,,,,,,,,,,,,,,,,,,,,,,,,,Sabesp,,,,,,,,,,,,,,,,,,,,
,,,,,,,,,,,,,,,,,,,,,,,,,,,,,,,,,,,,Sambaíba Transportes Urbanos Ltda.,,,,,,,,,,,,,,,,,,,,
,,,,,,,,,,,,,,,,,,,,,,,,,,,,,,,,,,,,Taqsa - Cal Tur - Chaltén Travel - Las Lengas,,,,,,,,,,,,,,,,,,,,
,,,,,,,,,,,,,,,,,,,,,,,,,,,,,,,,,,,,CART,,,,,,,,,,,,,,,,,,,,
,,,,,,,,,,,,,,,,,,,,,,,,,,,,,,,,,,,,Ola Cruising,,,,,,,,,,,,,,,,,,,,
,,,,,,,,,,,,,,,,,,,,,,,,,,,,,,,,,,,,Posto Avenida,,,,,,,,,,,,,,,,,,,,
,,,,,,,,,,,,,,,,,,,,,,,,,,,,,,,,,,,,Autopistas de las Serranías Puntanas,,,,,,,,,,,,,,,,,,,,
,,,,,,,,,,,,,,,,,,,,,,,,,,,,,,,,,,,,Concesión ANI,,,,,,,,,,,,,,,,,,,,
,,,,,,,,,,,,,,,,,,,,,,,,,,,,,,,,,,,,Viação Leme Ltda.,,,,,,,,,,,,,,,,,,,,
,,,,,,,,,,,,,,,,,,,,,,,,,,,,,,,,,,,,CCR Barcas,,,,,,,,,,,,,,,,,,,,
,,,,,,,,,,,,,,,,,,,,,,,,,,,,,,,,,,,,EPTC,,,,,,,,,,,,,,,,,,,,
,,,,,,,,,,,,,,,,,,,,,,,,,,,,,,,,,,,,Transportadora Brasileira Gasoduto Bolívia-Brasil S.A.,,,,,,,,,,,,,,,,,,,,
,,,,,,,,,,,,,,,,,,,,,,,,,,,,,,,,,,,,ETCD,,,,,,,,,,,,,,,,,,,,
,,,,,,,,,,,,,,,,,,,,,,,,,,,,,,,,,,,,FCA,,,,,,,,,,,,,,,,,,,,
,,,,,,,,,,,,,,,,,,,,,,,,,,,,,,,,,,,,Insular,,,,,,,,,,,,,,,,,,,,
,,,,,,,,,,,,,,,,,,,,,,,,,,,,,,,,,,,,Línea E,,,,,,,,,,,,,,,,,,,,
,,,,,,,,,,,,,,,,,,,,,,,,,,,,,,,,,,,,Planato Transportes,,,,,,,,,,,,,,,,,,,,
,,,,,,,,,,,,,,,,,,,,,,,,,,,,,,,,,,,,Taxutal S.A.,,,,,,,,,,,,,,,,,,,,
